,Wild,,,,W86A,,,,W286A,,
Atom#,1,2,3,,1,2,3,,1,2,3
1,1.307,1.562,1.756,,2.292,1.374,1.215,,1.053,0.787,0.621
2,1.184,1.407,1.681,,2.2,1.023,1.083,,1.029,0.784,0.621
3,1.051,1.232,1.513,,1.718,0.832,1.028,,1.012,0.797,0.583
4,1.157,1.289,1.53,,1.894,1.023,1.121,,1.04,0.826,0.616
5,1.301,1.495,1.67,,2.353,1.354,1.285,,1.067,0.85,0.656
6,1.326,1.595,1.724,,2.294,1.519,1.324,,1.066,0.828,0.627
7,1.302,1.224,1.585,,2.13,1.057,1.103,,1.156,0.961,0.699
8,1.156,1.035,1.508,,1.595,0.937,0.97,,1.156,1.005,0.637
9,1.023,1.087,1.502,,1.647,0.738,0.953,,1.077,0.917,0.602
10,1.096,1.147,1.668,,2.185,0.809,0.968,,1.158,1.046,0.685
11,2.183,2.546,2.692,,3.806,2.236,1.682,,1.391,1.133,1.377
12,1.826,2.207,2.325,,3.107,1.892,1.506,,1.193,0.958,1.186
13,1.59,1.787,2.036,,2.951,1.702,1.311,,1.188,0.889,0.71
14,1.974,1.858,2.378,,3.574,1.944,1.372,,1.923,1.035,1.383
15,1.539,1.824,1.915,,2.777,1.927,1.526,,1.179,0.976,0.703
16,1.125,0.862,1.471,,1.22,1.097,0.994,,1.242,1.117,0.686
17,1.089,0.754,1.206,,1.18,1.258,0.923,,1.062,1.073,0.694
18,1.006,0.693,1.229,,1.406,1.267,0.875,,1.106,1.219,0.645
19,1.111,0.698,1.194,,1.622,1.195,0.777,,1.102,1.578,0.666
20,1.097,0.644,1.018,,1.368,1.589,0.713,,1.149,1.237,0.735
21,1.011,0.58,0.942,,1.651,1.723,0.736,,1.235,1.012,0.705
22,0.961,0.638,1.006,,2.154,2.073,0.857,,1.388,1.426,0.72
23,0.971,0.675,1.232,,2.158,1.738,0.914,,1.308,1.317,0.697
24,1.07,0.654,0.929,,1.853,1.521,0.855,,1.541,1.319,0.882
25,0.948,0.641,0.9,,1.379,1.35,0.998,,1.866,1.15,1.213
26,1.16,0.61,0.907,,1.539,1.344,1.31,,2.22,1.392,1.919
27,1.265,0.669,0.971,,1.757,1.483,1.76,,2.782,1.626,2.824
28,1.215,0.788,1.047,,1.754,1.772,1.967,,3.046,1.698,3.209
29,1.103,0.895,1.124,,1.795,2.11,1.828,,2.85,1.816,2.972
30,0.952,0.821,1.048,,1.666,1.88,1.368,,2.271,1.568,2.077
