Atom#,Wild,W86A,W286A,,Atom#,Wild,W86A,W286A,,Atom#,Wild,W86A,W286A
,41,41,41,,,1821,1821,1821,,,3191,3191,3191
1,0.698,2.491,1.031,,1,0.944,1.243,1.251,,1,0.724,2.138,1.374
2,0.621,2.179,0.88,,2,0.955,1.359,1.604,,2,0.793,2.201,1.494
3,0.584,1.951,0.886,,3,0.931,1.379,1.529,,3,0.69,2.268,1.402
4,0.526,1.877,0.942,,4,0.901,1.184,1.293,,4,1.17,3.483,2.081
5,0.546,1.781,0.859,,5,0.948,1.487,1.528,,5,1.01,2.991,1.729
6,0.615,2.037,0.972,,6,0.942,1.422,1.58,,6,0.907,2.8,1.629
7,0.652,2.29,0.921,,7,1.036,1.277,1.376,,7,0.821,2.454,1.426
8,0.55,1.795,0.823,,8,1.362,1.338,1.331,,8,0.757,2.331,1.375
9,0.526,1.912,1.034,,9,1.452,1.636,1.12,,9,0.747,2.146,1.37
10,0.525,2.236,1.25,,10,1.31,1.488,0.99,,10,0.835,2.249,1.579
11,0.57,2.709,1.656,,11,1.322,1.32,1.075,,11,0.895,2.417,1.643
12,0.663,3.181,2.011,,12,1.161,1.285,0.939,,12,0.877,2.451,1.495
13,0.619,2.943,1.893,,13,1.166,1.214,1.011,,13,0.98,2.714,1.617
14,0.641,2.707,1.82,,14,1.107,1.317,1.017,,14,1.033,2.917,1.663
15,0.788,3.231,2.303,,15,1.212,1.374,1.181,,15,1.105,3.009,1.899
16,0.599,2.161,1.41,,16,1.234,1.565,1.251,,16,1.318,3.276,2.087
17,0.821,2.431,1.118,,17,1.104,1.632,1.117,,17,1.528,3.759,2.49
18,0.71,2.783,1.092,,18,1.03,1.483,0.951,,18,0.672,2.413,1.444
19,2.099,4.089,3.392,,19,1.01,1.551,0.838,,19,0.707,2.399,1.345
20,1.783,3.615,2.862,,20,1.084,1.44,0.828,,20,0.74,2.116,1.562
21,1.582,3.359,2.568,,21,1.182,1.545,0.852,,21,0.695,2.106,1.542
22,1.264,2.934,1.981,,22,0.996,1.316,1.307,,22,0.672,2.315,1.844
23,1.025,2.701,1.543,,23,1.131,1.225,1.184,,23,0.649,2.733,1.559
24,0.825,2.681,1.364,,24,1.208,1.449,1.593,,24,0.804,2.168,1.585
25,0.679,2.767,1.273,,25,1.446,1.5,1.565,,25,0.861,2.597,1.402
26,0.735,3.125,1.778,,26,1.551,1.406,1.051,,26,1.098,3.34,1.506
27,0.893,3.218,2.038,,27,1.355,1.281,1.067,,27,1.277,4.032,1.547
28,0.936,2.931,1.773,,28,1.907,1.706,0.939,,28,1.208,4.086,1.461
29,1.193,3.096,2.092,,29,2.776,2.069,0.922,,29,0.993,3.567,1.356
30,1.326,3.066,2.138,,30,3.158,2.527,0.951,,30,0.836,2.817,1.347
31,1.642,3.436,2.617,,31,2.774,2.598,1.019,,,,,
,,,,,32,3.228,3.093,1.172,,,,,
,,,,,33,2.427,2.262,1.1,,,,,
,,,,,34,2.033,1.844,1.047,,,,,
,,,,,35,2.464,1.766,1.261,,,,,
,,,,,,,,,,,,,
,,,,,,,,,,,,,
,,,,,,,,,,,,,
