,Wild,Wild,Wild,,W86A,W86A,W86A,,W286A,W286A,W286A
Time,41,1821,3191,,41,1821,3191,,41,1821,3191
0.1,0,0,0,,0,0,0,,0,0,0
0.2,2.453,0.816,1.884,,2.681,2.326,1.85,,1.292,1.103,0.874
0.3,2.718,1.196,2.075,,2.848,2.585,1.871,,1.735,2.161,0.705
0.4,2.879,1.47,2.666,,2.638,2.6,1.937,,1.712,2.381,0.992
0.5,2.524,1.716,3.207,,2.886,2.543,3.21,,1.602,2.215,0.711
0.6,2.685,1.644,2.942,,2.538,2.498,4.12,,1.369,2.779,0.96
0.7,2.595,1.799,2.87,,2.941,2.229,3.497,,1.825,3.137,0.772
0.8,2.534,1.44,3.754,,3.516,2.262,3.608,,1.698,2.601,1.477
0.9,3.01,1.708,4.125,,2.984,2.065,3.311,,1.389,2.596,0.952
1,2.532,1.542,3.299,,3.656,1.969,2.962,,1.6,2.679,1.011
1.1,2.57,1.568,3.446,,3.519,1.861,3.608,,1.616,2.846,0.539
1.2,2.497,1.525,3.315,,4.148,2.106,2.783,,1.57,2.991,0.645
1.3,2.303,1.419,3.156,,4.749,2.604,3.007,,2.102,2.96,1.912
1.4,2.543,1.574,3.345,,4.319,3.056,2.811,,1.375,2.933,1.721
1.5,2.459,1.989,3.233,,4.709,3.29,2.964,,1.297,2.928,2.038
1.6,2.552,1.786,2.936,,4.457,3.253,2.54,,1.636,3.46,2.442
1.7,2.609,1.955,2.717,,4.796,3.571,2.66,,1.62,2.993,2.706
1.8,2.653,1.86,3.648,,4.751,3.312,3.13,,1.947,3.513,2.541
1.9,2.838,1.653,4.024,,4.812,3.282,2.912,,2.044,2.875,2.872
2,2.56,1.594,4.42,,3.877,3.222,2.72,,2.122,3.36,2.948
2.1,2.616,1.521,4.286,,3.545,3.434,2.601,,2.263,2.893,2.996
2.2,2.579,1.64,4.792,,3.612,3.108,2.711,,2.202,2.824,2.779
2.3,3.041,1.762,4.724,,3.87,3.225,2.642,,1.975,2.981,2.446
2.4,2.725,1.713,4.824,,3.981,3.224,3.139,,1.747,2.702,2.654
2.5,2.576,1.976,5.038,,4.202,3.357,2.855,,1.776,2.655,2.84
2.6,2.374,1.646,4.632,,3.481,3.563,3.189,,2.262,2.703,3.117
2.7,2.583,1.69,4.868,,4.041,3.295,3.169,,1.817,2.971,2.527
2.8,2.714,1.834,4.559,,3.946,3.724,2.754,,2.058,2.771,2.5
2.9,2.903,1.694,4.222,,3.548,3.93,2.588,,1.915,2.742,2.24
3,2.619,1.877,3.634,,3.784,3.588,2.593,,1.761,3.028,2.177
3.1,2.656,1.667,3.891,,3.805,3.615,2.831,,1.956,2.642,2.738
3.2,2.654,1.591,3.05,,4.137,3.842,2.58,,1.695,3.259,2.487
3.3,2.809,1.873,2.774,,3.647,3.694,2.136,,1.793,3.554,2.141
3.4,2.456,2.003,3.251,,3.964,4.691,2.466,,1.819,3.13,1.981
3.5,2.421,1.82,3.123,,4.064,4.443,2.394,,1.891,3.219,2.951
3.6,2.514,2.013,3.468,,3.955,4.017,2.507,,1.757,2.964,2.6
3.7,2.623,2.398,3.757,,4.23,4.194,2.374,,2.063,3.355,2.838
3.8,2.476,2.191,3.539,,3.355,4.424,2.822,,1.91,3.195,2.789
3.9,2.422,1.934,2.478,,3.495,4.594,2.086,,1.8,2.974,2.415
4,2.526,2.328,2.541,,3.812,4.33,1.855,,2.092,3.424,2.507
4.1,2.65,2.04,2.585,,3.722,4.172,2.311,,2.003,3.481,2.502
4.2,2.689,2.125,2.543,,3.466,4.011,2.211,,2.025,3.897,2.439
4.3,2.511,1.945,2.678,,3.352,3.964,2.859,,2.308,4.669,2.399
4.4,2.538,2.053,2.84,,4.138,3.805,2.625,,2.602,4.95,2.562
4.5,2.384,1.984,2.88,,3.523,3.756,2.42,,2.518,5.237,2.725
4.6,2.352,1.951,2.735,,3.428,3.821,2.775,,2.618,5.404,2.317
4.7,2.347,1.698,2.452,,3.638,4.239,2.932,,2.915,5.266,2.418
4.8,2.36,2.364,2.666,,3.848,4.075,2.845,,2.426,5.549,2.572
4.9,2.102,1.914,2.669,,3.382,4.246,3.033,,2.629,5.429,2.853
5,1.987,1.821,3.36,,3.778,3.845,2.531,,2.852,5.083,2.758
5.1,2.11,2.089,2.75,,4.004,4.195,2.913,,2.487,5.585,2.731
5.2,2.48,2.236,2.571,,3.755,4.106,2.618,,2.726,5.152,2.632
5.3,2.577,2.195,2.703,,4.136,3.982,2.979,,2.9,5.185,2.606
5.4,2.511,2.431,2.662,,3.995,4.217,2.914,,2.795,5.352,2.815
5.5,2.246,2.375,2.665,,4.629,5.133,3.281,,3.345,5.542,2.549
5.6,2.779,1.677,2.971,,3.848,5.497,2.526,,2.805,5.421,2.388
5.7,2.465,2.095,2.863,,3.486,4.159,2.761,,3.366,5.362,2.448
5.8,2.265,2.048,2.882,,3.894,4.086,3.58,,2.916,5.042,2.492
5.9,2.373,1.984,2.751,,3.997,4.049,2.828,,2.633,5.316,2.506
6,2.297,2.063,2.729,,3.837,4.613,2.846,,2.599,5.584,2.475
6.1,2.169,1.859,3.204,,3.708,4.689,2.827,,2.893,5.225,2.342
6.2,2.374,2.098,2.8,,3.811,6.028,2.744,,3.043,5.188,2.403
6.3,2.326,1.606,2.857,,3.645,6.128,3.024,,3.196,5.305,2.671
6.4,2.444,2.096,3.048,,4.301,5.461,2.598,,2.648,5.437,2.564
6.5,2.397,1.72,2.587,,3.522,5.914,2.871,,2.672,5.344,2.665
6.6,2.4,1.822,3.552,,3.722,6.16,3.151,,2.741,5.443,2.484
6.7,2.448,1.947,3.944,,3.968,6.326,3.737,,2.73,5.153,2.67
6.8,2.218,1.604,3.707,,3.599,6.811,3.375,,2.426,5.131,2.757
6.9,2.389,2.173,3.506,,3.714,6.789,3.31,,2.583,5.345,2.726
7,2.695,2.058,3.711,,3.799,6.759,2.847,,2.734,4.749,2.337
7.1,2.581,1.779,3.835,,3.867,6.645,2.936,,2.578,5.239,2.83
7.2,2.724,1.94,3.268,,3.973,6.208,3.927,,2.855,5.804,2.35
7.3,2.551,2.026,3.403,,3.856,6.206,4.152,,2.482,5.267,2.602
7.4,2.538,2.231,4.258,,3.787,5.858,4.104,,2.765,5.315,2.415
7.5,2.843,2.037,3.08,,4.613,6.123,3.624,,2.656,5.435,2.149
7.6,2.563,2.109,4.002,,3.935,6.43,4.352,,2.729,5.139,2.398
7.7,2.517,1.954,3.575,,4.194,6.798,4.245,,2.628,5.632,2.266
7.8,2.583,2.581,3.776,,4.543,6.527,3.766,,2.617,5.253,2.625
7.9,2.733,2.14,3.815,,4.574,6.883,4.31,,2.867,5.406,2.395
8,2.599,2.193,3.926,,4.008,6.177,4.477,,2.769,5.506,2.664
8.1,2.872,2.185,4.328,,4.239,6.455,4.418,,2.718,5.095,2.349
8.2,2.637,2.094,4.332,,4.546,6.085,4.278,,2.726,5.001,2.371
8.3,2.429,2.156,4.077,,3.925,6.387,4.648,,2.673,4.881,1.824
8.4,2.788,2.735,4.225,,4.048,6.577,4.336,,2.85,4.904,2.242
8.5,2.625,2.696,3.277,,5.018,6.51,4.301,,2.517,4.837,2.324
8.6,2.939,2.305,3.029,,5.009,7.048,4.345,,2.73,4.954,2.709
8.7,2.366,2.295,3.652,,4.847,6.224,3.713,,2.512,5.3,2.397
8.8,2.899,2.159,3.382,,4.575,6.381,4.681,,2.718,4.982,2.45
8.9,3.121,2.006,3.064,,5.143,5.784,4.384,,2.636,5.27,2.402
9,2.646,2.22,3.493,,4.48,6.09,3.793,,2.864,5.226,2.64
9.1,2.843,1.995,3.653,,5.206,6.497,2.894,,2.588,5.64,2.195
9.2,2.525,2.113,2.806,,5.246,6.091,3.406,,2.543,5.599,2.261
9.3,2.651,2.11,2.475,,5.775,6.352,3.446,,2.897,5.797,2.298
9.4,2.75,2.435,2.784,,6.298,6.098,2.793,,2.694,5.408,2.285
9.5,2.779,2.231,2.741,,6.263,5.692,2.583,,2.827,5.602,2.519
9.6,2.699,2.17,2.968,,5.964,5.72,3.173,,2.759,5.43,2.703
9.7,3.007,2.03,2.737,,6.139,5.858,3.762,,2.655,5.79,2.909
9.8,2.818,2.51,2.617,,6.021,6.063,3.351,,2.665,5.534,2.491
9.9,2.463,2.026,2.677,,5.725,5.853,3.525,,2.708,5.885,2.549
10,2.647,2.324,2.604,,6.622,5.946,3.129,,2.826,5.561,2.67
10.1,3.193,2.057,3.686,,5.979,6.359,3.395,,2.695,5.595,2.825
10.2,3.124,2.131,3.787,,6.69,6.465,3.74,,3.146,5.977,2.633
10.3,2.857,2.226,3.575,,6.19,6.654,4.278,,2.855,5.479,2.582
10.4,2.644,2.344,3.383,,6.124,6.147,3.37,,2.94,5.976,2.73
10.5,2.713,2.323,3.705,,6.202,6.65,4.106,,3.495,5.142,2.697
10.6,2.733,2.021,3.722,,5.973,6.398,3.952,,2.997,5.374,2.754
10.7,2.979,1.999,3.725,,7.136,5.836,3.879,,3.577,5.277,3.549
10.8,2.592,1.827,3.533,,6.087,5.779,3.955,,3.019,5.438,2.687
10.9,2.918,2.089,3.488,,6.125,6.511,3.506,,2.539,5.189,2.658
11,2.585,1.775,3.793,,6.505,6.432,3.665,,2.817,5.158,2.566
11.1,2.53,2.201,3.944,,6.962,5.965,4.018,,2.891,5.101,2.68
11.2,2.963,2.19,3.594,,6.02,5.723,4.467,,2.851,5.519,2.542
11.3,2.553,2.255,3.822,,6.759,5.527,3.593,,3.083,5.521,2.622
11.4,2.893,2.323,3.838,,6.369,5.785,4.049,,2.474,5.58,2.796
11.5,3.124,2.23,3.832,,6.16,6.404,3.455,,2.982,5.633,2.747
11.6,2.781,2.51,3.902,,6.194,5.7,4.173,,2.495,5.342,2.436
11.7,2.881,2.435,3.802,,6.873,5.753,3.324,,3.162,5.393,2.571
11.8,2.693,2.466,3.846,,5.768,5.611,3.816,,3.186,5.36,2.483
11.9,2.676,2.549,4.077,,6.927,6.113,3.663,,2.992,5.332,2.623
12,2.855,2.378,3.658,,5.852,6.685,3.944,,4.272,5.582,2.529
12.1,3.005,1.995,3.922,,6.592,6.402,3.406,,3.677,5.546,2.382
12.2,2.526,1.999,4.106,,6.793,6.491,4.063,,4.605,5.266,2.488
12.3,2.531,2.434,4.209,,6.386,6.721,3.644,,3.832,5.34,2.379
12.4,2.436,2.271,4.048,,7.293,6.678,3.589,,3.947,5.688,2.752
12.5,2.891,2.088,4.096,,7.148,5.95,3.408,,4.785,5.467,2.753
12.6,2.881,2.002,4.145,,7.405,5.758,3.927,,4.242,5.254,2.782
12.7,2.638,1.985,4.076,,8.016,5.839,4.067,,4.518,5.395,2.805
12.8,2.473,2.253,3.752,,7.291,5.072,3.979,,4.585,5.228,2.859
12.9,2.412,2,4.153,,6.716,5.558,4.01,,4.294,5.022,2.599
13,2.49,1.898,4.117,,6.639,5.762,4.051,,4.614,5.458,2.902
13.1,2.235,1.995,3.896,,7,5.942,4.015,,4.937,5.514,2.701
13.2,2.585,1.772,4.189,,7.457,5.865,3.772,,4.334,5.006,2.796
13.3,2.431,2.099,3.937,,6.43,5.974,4.121,,4.783,4.884,2.855
13.4,2.627,1.794,4.01,,6.751,5.81,3.517,,4.616,5.382,2.864
13.5,2.689,2.18,4.163,,6.643,5.184,3.9,,4.847,5.291,3.089
13.6,2.527,2.269,4.201,,8.027,5.813,3.589,,4.512,5.726,3.142
13.7,2.49,2.13,4.06,,7.56,6.678,4.195,,4.511,5.096,2.724
13.8,2.375,2.106,4.001,,7.752,6.367,4.002,,4.301,5.203,2.525
13.9,2.746,2.099,3.927,,6.789,6.35,3.458,,4.24,4.985,2.397
14,2.737,2.253,4.141,,6.659,6.548,3.18,,4.171,5.43,2.65
14.1,2.643,2.319,3.8,,6.589,6.254,3.808,,4.038,5.298,2.638
14.2,2.294,2.115,3.994,,7.003,6.908,3.653,,4.074,4.894,3.016
14.3,2.429,1.948,3.859,,6.933,6.834,3.964,,3.955,4.889,2.682
14.4,2.488,1.905,4.21,,6.706,7.04,3.674,,4.476,5.328,3.05
14.5,2.764,2.059,3.62,,6.245,6.672,3.689,,4.685,5.34,3.117
14.6,2.603,2.197,4.129,,6.779,6.887,4.018,,4.574,5.215,2.672
14.7,2.876,2.028,3.489,,6.446,6.488,3.834,,4.416,5.36,2.728
14.8,2.624,2.161,3.826,,7.734,6.73,4.276,,4.317,5.704,2.243
14.9,2.434,2.328,3.346,,6.893,6.829,3.966,,4.503,5.776,2.694
15,2.587,1.881,3.826,,7.03,6.537,3.901,,4.522,5.56,2.706
15.1,2.476,2.182,3.662,,6.707,6.58,3.818,,4.723,5.587,3
15.2,2.788,2.054,4.023,,7.226,7.017,3.735,,4.128,5.755,3.269
15.3,2.576,2.724,3.606,,6.854,6.923,3.603,,4.431,5.349,2.735
15.4,2.677,2.495,4,,6.737,6.299,3.979,,4.298,5.35,2.488
15.5,2.585,2.64,4.363,,6.883,6.51,3.677,,4.5,5.307,2.676
15.6,2.808,2.836,4.508,,7.371,6.994,3.733,,4.68,5.512,2.62
15.7,2.672,2.673,3.989,,6.975,7.141,3.534,,4.732,5.274,2.309
15.8,2.852,2.808,4.088,,6.214,6.942,4.207,,4.558,5.59,2.544
15.9,2.599,2.832,4.184,,6.779,6.694,3.7,,4.429,5.395,2.614
16,2.721,1.627,3.965,,7.134,6.791,3.812,,4.55,5.648,3.076
16.1,2.745,2.055,3.683,,6.221,6.566,3.91,,4.835,5.13,2.435
16.2,2.644,2.101,3.953,,6.958,6.775,3.406,,4.341,5.367,2.508
16.3,2.59,2.261,4.073,,7.198,7.378,3.613,,4.125,5.153,2.603
16.4,3.141,2.338,3.804,,6.931,6.857,4.094,,4.261,5.57,1.986
16.5,2.869,1.885,3.879,,7.24,6.281,3.522,,5.206,5.51,2.658
16.6,2.704,2.011,4.034,,6.653,6.941,3.789,,4.577,5.49,3.001
16.7,2.756,1.911,3.809,,6.815,6.681,3.846,,4.323,5.555,3.435
16.8,2.761,2.316,3.544,,7.113,7.302,3.902,,4.692,5.41,3.263
16.9,2.902,2.126,3.894,,6.508,7.03,4.096,,4.796,5.184,3.185
17,2.793,2.049,4.287,,6.94,7.084,3.961,,4.458,5.191,3.334
17.1,2.581,2.172,4.14,,5.776,6.465,4.333,,4.554,5.321,3.181
17.2,2.395,2.1,3.996,,6.831,6.704,4.213,,4.536,5.746,2.829
17.3,2.687,1.985,4.613,,6.767,6.562,3.972,,4.404,5.306,2.669
17.4,2.411,2.152,4.317,,6.909,6.876,3.673,,4.528,5.212,3.204
17.5,2.531,2.14,4.348,,7.196,6.937,4.105,,4.549,5.456,2.623
17.6,2.623,1.948,4.536,,7.486,6.808,4.058,,4.65,5.252,2.303
17.7,2.642,2.201,3.942,,6.981,6.322,3.86,,4.403,5.076,2.438
17.8,2.587,2.038,4.342,,6.731,6.254,3.763,,5.158,5.393,2.259
17.9,2.651,2.011,4.192,,6.894,6.64,3.123,,4.647,5.501,2.178
18,2.461,1.783,4.318,,6.476,6.612,3.584,,4.802,5.313,2.596
18.1,2.528,1.961,4.426,,6.439,6.682,3.413,,4.425,5.412,2.287
18.2,2.756,2.099,4.199,,7.35,7.052,3.987,,4.678,5.53,1.904
18.3,2.515,2.196,4.416,,6.568,7.092,3.916,,4.867,5.464,2.155
18.4,2.638,2.14,4.331,,7.066,6.702,3.904,,4.523,5.36,1.769
18.5,2.387,2.323,4.434,,8.077,6.576,3.788,,4.432,5.487,1.737
18.6,2.529,2.162,4.414,,8.218,6.769,3.722,,4.687,5.333,1.916
18.7,2.611,2.33,4.48,,7.55,7.011,3.657,,4.745,5.046,1.93
18.8,2.635,2.131,4.379,,8.443,6.731,4.414,,4.334,5.362,1.944
18.9,2.435,2.221,4.415,,8.245,6.644,3.859,,4.617,5.284,1.967
19,3.13,2.121,4.42,,8.23,6.676,3.411,,4.445,5.718,1.831
19.1,3.102,2.207,4.054,,8.167,7.045,3.639,,4.145,5.308,1.71
19.2,3.054,2.177,4.231,,7.607,7.445,4.181,,4.699,5.432,1.842
19.3,3.252,1.832,4.433,,7.238,7.331,3.452,,4.677,5.206,1.638
19.4,2.864,2.061,4.55,,7.563,7.076,3.444,,4.659,5.213,1.637
19.5,3.058,2.255,4.216,,7.647,7.904,3.497,,4.284,5.545,2.016
19.6,3.219,1.961,4.67,,8.709,7.117,2.703,,4.111,5.28,2.011
19.7,2.693,2.235,4.339,,8.466,7.343,3.053,,5.046,5.258,1.676
19.8,3.345,2.551,4.267,,8.05,7.006,3.073,,4.656,5.448,1.53
19.9,2.876,2.574,4.433,,7.865,7.159,3.036,,4.872,5.055,1.712
20,3.555,2.439,4.316,,8.235,6.932,3.408,,4.429,5.159,1.468
20.1,2.916,2.365,4.33,,8.818,6.797,3.059,,4.747,5.574,1.899
20.2,3.209,2.48,4.284,,8.458,7.124,3.165,,4.471,5.403,1.881
20.3,2.981,2.307,4.328,,8.635,7.025,2.974,,4.554,5.438,2.087
20.4,3.199,2.276,4.297,,8.975,7.148,2.711,,4.732,5.508,1.964
20.5,3.037,2.088,4.561,,8.23,6.779,2.983,,4.821,5.465,1.963
20.6,3.236,2.223,4.665,,8.438,6.687,2.753,,4.466,5.33,2.006
20.7,3.015,2.258,4.624,,8.527,7.12,2.812,,4.58,5.145,1.679
20.8,3.071,2.344,4.579,,8.104,6.619,3.039,,4.44,4.997,1.701
20.9,2.691,2.066,4.501,,8.561,7.167,2.528,,4.622,5.554,1.927
21,2.914,2.47,4.498,,8.186,6.738,2.745,,4.048,5.313,1.636
21.1,3.306,2.36,4.155,,8.175,6.847,2.818,,4.56,5.37,1.858
21.2,3.046,2.283,4.538,,8.383,6.761,3.005,,4.21,5.484,2.155
21.3,2.32,2.397,4.61,,8.592,6.462,3.352,,4.375,5.527,1.93
21.4,3.47,2.195,4.807,,8.564,6.666,3.182,,4.624,5.49,2.42
21.5,2.856,2.272,4.516,,8.946,6.385,3.315,,4.369,5.242,2.544
21.6,3.148,2.518,4.707,,8.782,6.539,3.971,,4.324,5.38,2.43
21.7,2.745,2.219,4.768,,8.858,6.853,3.524,,4.686,5.164,2.524
21.8,2.877,2.424,4.424,,8.314,6.751,3.677,,4.482,5.353,2.566
21.9,2.565,2.501,4.581,,8.861,6.624,3.413,,4.684,5.448,2.579
22,2.654,2.385,4.345,,8.724,6.784,3.402,,4.078,5.373,2.313
22.1,3.044,2.418,4.897,,8.56,6.678,3.031,,4.384,5.175,2.516
22.2,2.605,2.334,4.624,,8.529,6.76,2.786,,4.71,5.548,2.549
22.3,2.669,2.106,4.692,,7.945,7.453,2.987,,4.704,5.571,2.803
22.4,3.045,2.247,4.664,,9.244,7.018,2.74,,4.822,5.352,2.547
22.5,2.874,2.437,3.84,,8.567,6.888,3.33,,4.924,5.28,2.699
22.6,2.836,2.592,4.924,,8.451,6.894,3.532,,4.929,5.071,2.652
22.7,2.598,2.287,4.447,,9.33,7.214,3.38,,4.792,5.521,2.465
22.8,2.501,2.264,4.494,,8.437,6.896,3.294,,4.438,5.461,2.412
22.9,2.712,2.496,4.354,,8.757,6.982,3.674,,5.142,5.368,1.963
23,3.017,2.595,4.622,,8.706,6.882,3.398,,4.627,5.298,2.216
23.1,2.907,2.435,4.567,,8.855,6.733,3.434,,4.657,5.386,2.616
23.2,2.749,2.202,4.632,,8.748,6.606,3.194,,4.819,5.547,2.194
23.3,2.932,2.147,4.186,,8.964,6.945,3.617,,4.564,5.117,2.879
23.4,2.74,2.39,4.621,,8.717,6.609,4.002,,4.352,5.087,2.94
23.5,2.829,2.101,4.688,,8.772,6.895,3.53,,4.811,5.264,2.708
23.6,2.916,2.191,4.443,,8.393,6.804,3.397,,4.654,5.408,2.813
23.7,2.586,2.574,4.347,,8.669,6.68,4.007,,4.69,5.284,2.796
23.8,3.54,2.624,4.385,,8.261,6.645,4.379,,5.044,5.165,2.954
23.9,2.84,2.474,4.382,,8.233,6.659,4.416,,5.019,5.107,3.077
24,2.642,2.105,4.525,,9.187,6.718,4.044,,5.119,5.189,3.029
24.1,2.954,2.152,4.364,,8.342,6.758,2.783,,4.669,5.214,2.801
24.2,2.524,2.065,4.429,,8.957,6.802,3.741,,4.64,5.092,2.678
24.3,2.951,2.485,4.398,,8.689,6.776,3.732,,4.761,5.202,2.544
24.4,2.88,2.263,4.71,,9.002,7.1,3.655,,4.915,5.563,3.196
24.5,2.959,2.028,4.283,,8.757,6.922,2.992,,5.167,5.229,2.834
24.6,2.602,2.156,4.056,,9.027,6.814,3.161,,4.693,5.093,2.975
24.7,2.488,2.037,4.276,,8.736,6.724,3.333,,4.824,5.355,2.726
24.8,2.727,2.137,4.609,,8.109,7.166,3.338,,4.262,5.219,2.735
24.9,2.483,2.331,4.386,,8.046,7.011,3.335,,5.072,5.454,2.685
25,2.406,2.331,4.761,,8.478,6.746,3.492,,5.145,5.664,2.891
25.1,2.896,2.374,4.36,,8.172,6.939,3.759,,4.953,5.158,2.818
25.2,2.535,2.297,4.664,,8.259,6.599,3.445,,4.64,4.95,2.855
25.3,3.08,1.876,4.676,,7.909,6.71,3.361,,4.654,5.294,2.986
25.4,2.807,2.192,4.512,,8.309,7.081,3.572,,4.58,5.431,2.862
25.5,3.098,1.975,4.268,,8.153,6.961,3.642,,4.79,5.518,2.883
25.6,2.675,2.142,4.597,,8.089,6.555,4.108,,5.209,5.194,2.801
25.7,2.803,2.028,4.148,,7.895,6.879,3.484,,4.775,5.25,2.934
25.8,2.803,2.376,4.475,,8.3,6.808,3.603,,4.278,5.163,2.95
25.9,3.096,2.113,4.582,,8.777,7.177,3.587,,4.782,5.439,3.013
26,2.86,2.201,4.273,,8.491,7.494,4.005,,4.344,5.302,2.716
26.1,2.802,2.383,4.814,,8.614,7.231,3.657,,4.669,5.09,2.721
26.2,2.769,2.133,4.641,,8.625,6.859,3.871,,4.738,5.306,2.66
26.3,2.903,1.944,4.306,,9.099,6.619,3.855,,4.508,5.322,3.209
26.4,2.774,2.777,4.371,,8.607,7.151,3.583,,4.758,5.308,2.946
26.5,2.912,2.493,4.982,,8.159,6.605,3.197,,4.813,5.44,3.1
26.6,2.893,1.97,4.611,,8.364,6.922,3.844,,4.836,5.68,2.612
26.7,2.653,2.319,4.36,,8.53,6.667,3.85,,5.155,5.834,2.303
26.8,2.456,2.202,4.135,,8.589,7.03,3.536,,5.086,5.574,2.548
26.9,2.669,2.182,4.473,,8.44,7.378,4.003,,4.707,4.999,2.664
27,2.787,2.531,4.838,,8.721,7.218,3.555,,4.864,5.271,2.894
27.1,2.329,2.247,4.591,,8.763,7.165,3.68,,4.563,5.503,2.78
27.2,2.868,2.122,4.357,,8.59,7.138,3.642,,4.597,5.722,3.148
27.3,2.875,2.04,4.575,,8.609,6.642,5.054,,4.139,5.131,2.932
27.4,3.042,2.181,4.385,,8.674,6.922,3.964,,4.635,5.281,2.896
27.5,2.486,2.024,4.272,,8.724,6.759,4.258,,4.714,5.386,2.728
27.6,3.01,2.094,4.075,,8.587,7.004,4.009,,4.771,5.513,2.65
27.7,2.979,1.997,4.238,,8.698,6.682,3.694,,4.663,5.172,2.992
27.8,3.003,2.155,4.796,,8.809,6.983,3.59,,4.235,5.565,3.286
27.9,3.335,2.142,4.351,,9.077,6.941,3.139,,3.823,5.341,2.463
28,2.797,2.258,4.42,,8.628,7.112,3.691,,4.578,5.479,2.689
28.1,3.018,1.92,4.544,,8.382,6.918,3.581,,4.728,5.55,2.673
28.2,2.657,2.347,4.585,,8.796,6.811,3.439,,4.364,5.179,3.009
28.3,2.915,2.214,4.425,,8.508,6.82,3.722,,4.716,5.323,2.813
28.4,2.768,1.873,4.376,,8.293,7.079,3.81,,3.992,5.297,2.522
28.5,2.673,2.242,4.347,,8.427,6.901,4.074,,4.719,5.487,2.637
28.6,2.639,2.497,4.29,,8.464,6.951,3.898,,4.019,5.611,3.022
28.7,2.693,2.32,4.547,,8.729,6.903,3.898,,5.269,5.551,2.797
28.8,3.014,2.332,4.417,,8.757,6.875,3.697,,4.68,5.578,2.726
28.9,2.45,2.138,4.574,,8.228,6.794,3.207,,4.854,5.691,2.919
29,2.552,2.209,4.545,,8.602,6.779,3.837,,4.901,5.334,3.011
29.1,2.801,2.379,4.619,,8.276,7.072,3.505,,4.753,5.705,2.31
29.2,2.753,2.104,4.322,,8.228,6.803,3.391,,4.935,5.631,2.573
29.3,3.079,2.052,4.23,,8.675,6.989,3.503,,5.475,5.864,2.338
29.4,2.638,2.074,4.641,,7.787,6.794,3.599,,5.066,5.671,2.832
29.5,2.244,2.185,4.568,,7.81,6.578,3.516,,4.832,5.826,2.928
29.6,2.881,2.417,4.499,,8.074,7.062,3.693,,4.826,5.768,2.505
29.7,2.556,2.425,4.438,,8.576,7.029,3.471,,4.97,6.008,2.611
29.8,2.688,2.061,4.731,,8.155,6.729,3.115,,4.954,5.54,2.28
29.9,2.637,2.084,4.765,,8.246,6.438,3.626,,5.394,5.614,2.206
30,2.278,2.501,4.703,,7.806,6.823,3.911,,4.668,5.626,2.237
30.1,2.494,2.168,4.173,,7.995,6.755,4.076,,4.135,5.741,2.257
30.2,2.837,2.325,4.554,,7.857,7.401,3.776,,4.985,5.401,2.262
30.3,2.543,2.225,4.188,,8.27,7.623,3.6,,4.936,5.684,1.99
30.4,2.53,2.351,4.42,,7.669,6.921,3.105,,4.73,5.578,2.296
30.5,2.778,2.424,4.431,,8.557,6.966,3.155,,4.855,5.269,2.392
30.6,2.422,2.068,4.25,,8.064,6.841,3.746,,4.358,5.291,2.474
30.7,2.499,2.389,4.525,,8.48,7.018,3.589,,4.565,5.698,2.314
30.8,2.724,2.294,4.658,,8.706,6.731,3.596,,4.703,5.493,1.922
30.9,2.636,2.155,4.373,,8.276,7.179,3.754,,3.865,5.963,1.963
31,2.787,2.228,4.554,,8.409,7.11,3.975,,3.966,5.93,2.26
31.1,2.394,2.568,4.378,,8.224,6.891,3.644,,4.037,5.49,2.26
31.2,2.603,2.298,4.417,,8.732,7.068,3.972,,4.502,5.655,2.337
31.3,2.396,2.322,4.404,,8.931,7.139,4.058,,4.46,5.625,2.368
31.4,2.599,2.432,4.549,,9.17,6.573,3.839,,4.504,5.535,2.199
31.5,2.714,2.29,4.648,,7.887,6.93,4.054,,4.553,5.721,3.016
31.6,2.623,2.423,4.453,,8.124,6.831,3.485,,4.339,5.788,2.747
31.7,2.729,2.354,4.624,,9.26,6.887,3.4,,3.902,5.384,2.766
31.8,2.723,2.27,4.793,,8.992,7.085,3.775,,4.899,5.826,2.899
31.9,2.539,2.184,4.544,,8.744,7.131,3.565,,4.696,5.772,2.618
32,2.694,2.473,4.971,,8.831,7.222,3.983,,4.732,5.205,2.983
32.1,3.045,2.578,4.539,,8.685,7.369,4.139,,3.923,5.277,2.527
32.2,2.733,2.492,4.292,,8.313,7.127,3.724,,3.792,5.595,2.324
32.3,3.062,2.345,4.397,,8.255,7.127,3.716,,3.88,5.669,2.039
32.4,2.748,2.372,4.283,,7.679,7.439,3.493,,3.651,5.335,2.081
32.5,2.969,2.085,4.515,,7.696,7.059,3.797,,4.265,5.186,2.512
32.6,2.713,2.367,4.329,,7.084,7.395,3.933,,3.301,5.235,2.083
32.7,2.576,2.304,4.417,,8.271,6.962,4.031,,3.966,5.084,2.443
32.8,2.735,2.344,4.426,,8.446,6.848,3.95,,4.281,5.678,2.144
32.9,2.97,2.323,4.336,,7.97,7.099,3.824,,4.232,5.682,1.901
33,3.029,2.397,4.204,,8.348,7.059,3.79,,3.435,5.365,2.234
33.1,2.686,2.563,4.401,,8.306,6.672,4.105,,3.647,5.184,2.534
33.2,2.828,2.335,4.708,,8.609,6.89,3.892,,3.908,5.311,3.397
33.3,2.824,2.472,4.606,,8.528,7.582,3.806,,4.144,5.254,2.421
33.4,3.191,2.49,4.425,,8.657,7.101,3.448,,3.899,5.631,2.386
33.5,2.919,2.57,4.075,,9.175,6.796,4.06,,4.02,5.554,2.077
33.6,2.916,2.749,4.501,,9.154,7.464,3.768,,3.941,5.511,2.514
33.7,2.829,2.447,4.311,,8.938,6.676,3.491,,4.788,5.877,2.593
33.8,2.618,2.689,4.317,,8.496,6.882,3.663,,5.006,5.612,2.314
33.9,2.832,2.752,4.626,,8.82,6.967,4.112,,5.166,5.358,2.393
34,2.798,2.459,4.473,,8.203,6.902,4.243,,5.05,5.41,2.376
34.1,2.776,2.253,4.327,,8.287,6.809,4.129,,5.141,5.454,2.387
34.2,2.965,2.287,4.347,,8.347,6.689,4.391,,4.86,5.136,2.656
34.3,2.539,2.476,4.252,,8.677,6.956,3.918,,4,5.685,2.379
34.4,3.106,2.548,4.808,,8.871,7.026,3.986,,3.829,5.569,2.291
34.5,2.96,2.599,4.746,,8.023,6.207,4.215,,3.732,5.284,2.583
34.6,3.125,2.315,4.788,,8.33,6.527,4.205,,3.84,5.368,2.332
34.7,3.136,2.148,4.21,,8.617,6.785,3.937,,4.169,5.387,2.69
34.8,2.667,2.363,4.679,,8.604,6.791,4.065,,3.788,5.424,2.297
34.9,3.043,2.203,4.645,,8.53,6.643,3.492,,3.962,5.664,2.247
35,2.634,2.245,4.628,,8.48,6.964,3.924,,3.549,5.498,2.654
35.1,2.881,2.144,4.647,,8.385,6.568,4.077,,3.487,5.623,2.518
35.2,2.623,2.097,4.544,,8.777,6.832,3.697,,3.547,5.308,2.18
35.3,2.772,2.537,4.921,,8.43,6.725,3.965,,3.564,5.245,2.404
35.4,3.175,2.572,4.629,,8.667,7.294,4.421,,3.765,5.691,2.316
35.5,2.909,2.563,4.456,,8.462,7.24,4.177,,4.012,5.61,2.273
35.6,3.266,2.702,4.656,,8.484,7.139,4.403,,4.191,5.768,2.028
35.7,2.976,2.772,4.717,,8.783,6.978,4.219,,4.959,5.343,2.217
35.8,2.597,2.327,4.661,,8.715,7.102,3.633,,5.106,5.378,2.004
35.9,2.721,2.561,4.413,,8.007,6.556,4.282,,5.126,5.193,2.49
36,3.004,2.412,4.624,,8.555,6.894,3.811,,5.043,5.769,2.555
36.1,2.651,2.193,4.931,,8.431,7.071,4.245,,4.11,5.196,2.803
36.2,2.801,2.188,4.339,,8.678,6.708,3.917,,3.524,5.728,2.549
36.3,2.997,2.377,4.078,,8.612,6.974,4.493,,3.823,5.477,2.658
36.4,2.448,2.474,4.158,,8.119,7.116,4.659,,4.882,5.76,2.399
36.5,2.686,2.17,4.521,,8.398,7.275,3.654,,3.957,5.266,2.592
36.6,3.184,2.537,4.207,,9.154,6.622,4.194,,3.643,5.399,2.22
36.7,2.9,2.347,4.589,,8.378,6.922,4.437,,4.326,5.398,2.249
36.8,3.027,2.525,4.342,,8.925,7.419,4.582,,4.032,5.521,2.628
36.9,2.595,2.444,4.223,,8.179,6.583,4.248,,3.601,5.431,2.184
37,2.552,2.278,4.612,,8.363,6.924,4.703,,4.357,5.575,2.18
37.1,2.446,2.273,4.416,,8.375,7.062,4.163,,4.496,5.198,1.547
37.2,2.841,2.297,4.075,,8.632,6.933,4.101,,4.277,5.379,2.394
37.3,3.076,2.565,4.542,,8.621,7.114,3.953,,4.279,5.459,2.122
37.4,3.179,2.204,4.342,,8.028,6.801,4.291,,4.034,5.714,2.63
37.5,3.266,2.47,4.333,,8.529,7.023,4.018,,3.936,5.81,2.871
37.6,2.743,2.51,4.397,,8.9,7.252,4.02,,3.958,5.565,2.328
37.7,3.019,2.254,4.279,,8.617,7.052,4.19,,3.853,5.57,2.135
37.8,2.884,2.361,3.996,,8.731,6.506,4.17,,3.803,5.298,2.32
37.9,2.555,2.785,4.305,,8.651,6.995,4.372,,3.734,5.53,2.581
38,3.014,2.952,4.328,,8.447,7.13,4.273,,4.033,5.567,2.284
38.1,2.73,2.775,4.049,,8.22,7.241,4.163,,4.152,5.746,2.666
38.2,2.532,2.992,4.397,,8.539,7.51,4.518,,3.761,5.458,2.4
38.3,2.954,2.406,4.608,,8.875,7.163,4.289,,4.074,5.319,2.328
38.4,2.954,2.104,4.615,,9.002,7.35,4.059,,4.087,5.783,1.807
38.5,2.601,2.206,4.375,,8.355,7.436,3.982,,3.792,5.704,2.397
38.6,3.279,2.167,4.815,,8.649,6.699,3.437,,4.135,5.425,2.183
38.7,2.911,2.372,4.424,,8.569,6.738,3.68,,4.242,5.62,2.516
38.8,2.996,2.443,4.017,,8.74,6.397,3.678,,4.594,5.781,2.555
38.9,2.683,2.573,4.457,,8.764,6.983,3.398,,4.823,5.696,2.748
39,2.718,2.261,4.55,,8.813,6.969,3.598,,5.124,5.763,2.684
39.1,3.156,2.362,4.718,,8.469,7.031,3.93,,4.98,6.053,2.708
39.2,3.238,2.52,4.591,,8.566,7.054,3.898,,4.853,5.825,2.818
39.3,2.708,2.805,4.681,,8.288,7.297,3.99,,5.126,5.795,2.749
39.4,3.073,2.7,4.429,,8.085,7.253,3.433,,5.178,5.556,2.726
39.5,3.185,2.923,4.616,,8.495,6.937,3.999,,5.005,5.375,2.735
39.6,2.785,2.987,4.375,,8.419,7.289,4.144,,4.912,5.145,2.962
39.7,2.823,2.149,4.343,,8.773,6.941,3.9,,5.158,5.601,2.794
39.8,2.612,2.488,4.425,,8.853,7.011,4.196,,4.957,5.39,2.752
39.9,3.072,2.126,4.218,,8.347,7.325,4.134,,5.235,5.966,2.825
40,2.836,2.52,4.44,,8.631,6.929,4.039,,4.537,6.002,2.851
40.1,2.89,2.461,4.532,,8.908,6.742,4.099,,4.95,5.65,2.741
40.2,3.069,2.306,4.641,,8.69,7.126,4.23,,4.915,5.674,2.729
40.3,2.715,2.28,4.493,,9.067,6.795,3.976,,5.393,5.798,2.955
40.4,2.692,2.838,4.294,,8.75,7.109,4.08,,5.107,5.716,2.779
40.5,2.469,2.667,4.325,,8.7,6.735,4.24,,5.17,5.704,2.78
40.6,2.774,2.459,4.585,,9.158,7.06,4.352,,4.879,5.535,2.764
40.7,2.893,2.262,4.229,,8.646,6.476,4.031,,5.128,5.612,2.888
40.8,3.179,2.391,4.318,,9.12,6.614,4.253,,4.907,5.703,2.999
40.9,3.044,2.767,5.079,,9.065,7.292,4.131,,5.292,5.893,2.489
41,3.074,2.74,4.692,,9.21,6.697,4.125,,4.989,5.901,2.377
41.1,3.197,2.801,4.519,,8.48,6.788,4.017,,5.26,5.909,2.372
41.2,2.871,2.824,4.624,,8.649,6.705,3.862,,5.001,5.947,2.591
41.3,2.849,2.94,4.604,,8.35,6.237,3.794,,5.307,5.539,2.799
41.4,2.633,2.868,3.955,,8.595,6.329,4.313,,5.204,5.958,2.671
41.5,2.551,2.847,4.127,,8.486,6.731,3.931,,4.455,5.727,2.656
41.6,2.924,2.306,4.153,,8.398,7.184,3.785,,4.726,5.085,2.463
41.7,2.596,2.303,4.557,,8.517,6.677,4.532,,4.984,5.761,2.252
41.8,2.811,2.056,4.539,,8.319,6.841,4.269,,4.707,5.374,2.64
41.9,3.055,1.961,4.487,,8.217,6.766,4.064,,4.093,5.349,2.81
42,2.804,2.235,4.349,,8.486,6.997,3.923,,4.436,5.655,2.664
42.1,2.57,2.28,4.449,,8.344,6.7,4.756,,4.572,5.754,2.863
42.2,2.947,2.371,4.387,,8.986,6.865,4.461,,4.421,5.556,2.621
42.3,2.716,2.191,4.371,,8.337,6.931,4.464,,4.475,5.677,2.731
42.4,2.863,2.148,4.07,,8.285,6.793,4.467,,5.001,5.46,2.997
42.5,2.469,2.171,4.191,,7.574,6.894,4.548,,4.792,5.904,2.684
42.6,2.716,2.035,4.254,,9.747,6.954,3.981,,4.822,5.209,2.634
42.7,2.702,1.824,4.768,,9.336,6.95,4.505,,5.557,5.463,2.839
42.8,2.657,2.247,4.6,,9.206,7.045,3.814,,5.32,5.567,2.722
42.9,2.558,2.135,4.649,,8.888,6.941,4.291,,5.433,5.67,2.412
43,2.999,2.063,4.333,,8.495,6.634,4.37,,5.495,5.574,2.789
43.1,2.727,1.868,4.327,,8.592,6.926,4.292,,5.364,5.564,2.789
43.2,2.525,2.161,4.03,,8.366,7.431,4.691,,4.781,5.514,2.687
43.3,2.976,2.415,4.394,,8.361,7.209,4.811,,4.809,5.627,2.408
43.4,2.916,2.426,4.198,,8.849,7.122,4.406,,5.047,5.609,2.259
43.5,2.795,2.193,4.346,,8.14,6.983,4.868,,4.775,5.69,2.162
43.6,2.476,2.046,4.457,,8.697,6.592,4.902,,4.47,5.791,2.392
43.7,2.522,1.871,4.785,,8.494,6.816,4.194,,4.99,5.924,2.401
43.8,2.778,2.062,4.373,,8.746,6.828,4.443,,4.683,5.427,2.862
43.9,2.543,2.054,4.504,,8.336,6.68,3.832,,4.699,6.086,2.172
44,2.908,2.344,4.305,,8.682,7.263,4.02,,4.746,5.949,2.628
44.1,2.631,2.201,4.048,,8.749,7.216,4.714,,4.654,5.653,2.563
44.2,3.236,2.387,4.43,,8.473,7.158,4.478,,4.712,5.477,2.525
44.3,2.689,2.138,4.225,,8.664,7.102,4.098,,4.512,5.268,2.268
44.4,2.708,2.194,4.206,,8.256,7.338,4.698,,4.567,5.898,2.604
44.5,2.623,2.544,4.421,,8.559,7.05,4.146,,4.481,5.76,2.313
44.6,2.981,2.33,4.234,,8.951,6.555,3.303,,4.772,5.5,2.316
44.7,3.086,2.508,4.282,,8.821,6.629,3.87,,4.59,5.85,2.383
44.8,2.893,2.243,4.475,,8.206,6.576,4.21,,4.683,5.428,2.758
44.9,2.589,2.385,4.122,,8.502,6.388,4.504,,4.732,5.673,2.517
45,2.626,2.114,4.5,,8.583,6.669,4.77,,4.418,5.191,2.506
45.1,3.018,2.166,4.271,,8.558,6.465,4.043,,4.892,5.155,2.64
45.2,2.802,2.168,4.639,,8.286,6.504,4.08,,4.861,5.533,2.391
45.3,3.283,2.254,4.517,,8.519,6.546,4.722,,5.134,5.439,2.34
45.4,2.702,2.172,4.171,,8.945,6.356,4.233,,4.908,5.666,3.043
45.5,2.484,2.12,4.646,,8.512,6.803,4.148,,5.001,5.313,2.672
45.6,2.558,2.295,4.525,,8.939,6.901,4.333,,4.771,5.361,3.213
45.7,2.591,2.708,4.678,,9.319,6.519,4.121,,5.13,5.792,2.911
45.8,2.3,2.366,4.317,,8.753,7.181,4.095,,5.008,5.484,3.108
45.9,2.519,2.24,4.458,,8.648,7.051,3.948,,4.895,6.205,2.835
46,2.424,2.239,4.396,,8.575,7.068,4.079,,4.968,5.549,2.454
46.1,2.86,2.233,4.302,,8.577,7.45,4.222,,5.134,6.196,2.777
46.2,2.986,2.131,4.785,,8.768,6.672,4.54,,4.85,4.98,2.809
46.3,2.509,2.448,4.625,,8.435,6.733,3.623,,4.847,5.819,2.575
46.4,2.803,2.815,5.108,,8.591,7.039,3.529,,4.778,6.317,2.545
46.5,2.785,2.969,4.74,,8.338,7.062,3.84,,5.057,6.418,2.589
46.6,2.918,2.806,4.908,,8.615,6.594,4.326,,4.542,5.139,2.715
46.7,2.65,2.889,4.93,,8.154,6.873,3.705,,5.149,5.658,2.956
46.8,2.847,3.401,4.701,,8.947,6.474,3.88,,4.967,5.509,2.291
46.9,2.75,3.012,4.965,,8.535,6.855,3.868,,5.082,5.415,2.887
47,2.551,3.129,4.567,,8.431,6.546,4.038,,4.967,5.862,2.46
47.1,2.748,2.989,4.29,,8.338,6.871,4.194,,5.462,5.544,2.436
47.2,2.757,3.237,4.822,,8.548,7.01,4.215,,5.397,5.34,2.54
47.3,2.676,3.059,4.468,,8.507,6.855,4.117,,5.287,5.299,2.615
47.4,2.63,3.591,4.235,,8.718,6.851,3.99,,5.555,5.895,2.426
47.5,2.924,3.391,4.531,,8.469,6.873,4.322,,5.463,5.922,2.467
47.6,2.861,3.215,4.466,,8.24,7.46,4.24,,5.325,5.723,2.928
47.7,2.903,3.315,4.205,,8.195,6.697,4.388,,5.243,5.431,2.268
47.8,2.934,3.01,4.424,,9.068,6.445,3.926,,5.488,5.342,2.531
47.9,2.673,3.259,4.508,,8.408,6.479,4.265,,5.296,5.402,2.44
48,2.724,3.305,4.332,,8.593,6.762,3.857,,5.144,5.282,2.42
48.1,2.953,3.304,3.963,,8.524,6.614,3.879,,5.659,5.601,2.636
48.2,2.775,3.11,4.373,,8.586,6.862,3.876,,5.164,4.782,2.347
48.3,2.941,3.236,4.78,,8.826,6.513,3.927,,5.238,4.966,2.205
48.4,2.942,3.092,4.896,,8.91,6.686,4.045,,5.317,5.575,2.352
48.5,2.73,3.468,4.183,,8.651,6.692,4.188,,5.571,5.862,2.365
48.6,2.942,3.506,4.379,,8.936,6.249,3.802,,5.048,5.777,2.381
48.7,2.754,3.39,4.531,,8.323,6.501,3.333,,5.158,5,2.423
48.8,2.682,3.426,4.275,,8.38,6.849,3.736,,5.184,5.621,2.577
48.9,2.885,3.292,4.986,,8.699,6.64,3.881,,5.401,5.439,2.384
49,2.4,3.308,4.769,,8.596,6.491,4.252,,5.145,5.419,2.397
49.1,2.482,3.143,4.729,,8.648,6.717,3.901,,5.028,5.312,2.485
49.2,3.143,3.548,4.51,,8.412,6.401,4.05,,5.371,5.668,2.74
49.3,2.973,3.415,4.607,,8.773,7.001,3.866,,5.24,5.401,3.038
49.4,2.44,3.368,4.339,,8.558,6.693,3.927,,5.442,5.414,3.197
49.5,2.372,3.264,4.794,,8.477,7.377,4.414,,4.963,5.249,2.886
49.6,2.569,3.536,4.424,,8.598,7.022,3.928,,4.838,5.059,2.885
49.7,3.046,3.279,4.481,,8.782,6.67,4.294,,5.017,5.429,2.343
49.8,2.435,3.251,4.823,,8.783,7.347,4.491,,5.028,5.621,2.778
49.9,2.482,3.395,4.576,,8.727,7.082,4.116,,5.623,5.479,3.216
50,2.726,3.286,4.591,,8.41,6.812,4.816,,5.503,5.483,2.954
50.1,2.957,3.272,5.072,,8.739,6.728,4.829,,4.908,5.382,2.737
50.2,2.704,3.358,4.737,,8.038,6.696,5.442,,4.961,5.851,2.463
50.3,2.549,3.427,4.788,,8.415,6.729,5.361,,4.915,5.205,2.38
50.4,2.586,3.251,4.679,,9.1,6.996,5.43,,5.244,5.456,2.318
50.5,2.929,3.267,4.434,,8.497,6.639,6.059,,4.968,5.42,3.082
50.6,3.107,3.135,4.298,,8.641,7.093,6.834,,4.803,5.539,2.951
50.7,2.787,3.387,4.345,,8.294,6.74,6.835,,4.839,5.138,2.511
50.8,2.683,3.253,4.713,,9.138,6.682,6.412,,5.273,5.402,2.671
50.9,2.994,3.224,4.882,,7.988,6.905,6.656,,4.918,5.733,2.567
51,2.545,2.977,4.316,,8.322,6.876,6.041,,4.986,4.904,2.645
51.1,2.777,3.048,4.634,,8.888,6.962,6.417,,5.142,4.702,3.023
51.2,2.781,3.344,4.909,,8.369,6.643,6.331,,5.474,5.118,2.597
51.3,3.144,3.441,4.983,,8.485,6.811,7.629,,4.865,5.445,2.384
51.4,2.928,3.406,4.581,,8.691,6.683,6.716,,5.231,5.065,2.725
51.5,2.941,3.501,4.251,,8.195,6.868,6.044,,5.601,4.885,2.488
51.6,2.985,3.652,4.126,,8.22,7.242,6.659,,5.297,4.945,2.921
51.7,3.123,3.387,4.279,,8.162,7.118,5.986,,5.406,5.449,2.839
51.8,2.46,3.363,4.536,,8.424,7.189,6.631,,5.501,5.475,2.929
51.9,2.875,3.845,4.654,,8.469,6.79,6.501,,5.239,6.214,2.541
52,2.875,3.13,4.652,,8.865,6.966,6.781,,4.983,5.21,2.381
52.1,2.965,3.413,5.039,,8.282,6.31,6.075,,5.388,5.172,2.567
52.2,3.062,3.3,4.531,,8.515,6.759,5.656,,5.594,5.258,2.315
52.3,2.667,3.307,4.925,,8.644,6.46,6.314,,4.937,5.439,2.933
52.4,3.12,3.422,4.709,,9.097,6.698,6.709,,5.2,5.069,2.865
52.5,2.59,3.048,4.354,,8.571,6.76,6.613,,5.443,5.098,2.193
52.6,2.632,3.348,4.531,,8.473,6.838,6.281,,5.085,5.908,2.77
52.7,3.145,2.848,4.505,,8.579,7.077,7.005,,5.666,5.969,2.887
52.8,2.732,3.138,4.854,,8.942,6.86,6.758,,4.894,5.5,2.752
52.9,2.621,3.271,4.253,,8.798,7.042,6.461,,5.274,5.422,2.872
53,2.69,3.396,3.697,,8.372,7.046,6.391,,5.156,5.759,2.469
53.1,2.942,3.183,4.465,,8.144,6.831,5.807,,5.183,5.871,2.906
53.2,3.215,3.283,4.312,,8.471,7.157,7.08,,4.978,5.547,2.568
53.3,2.9,3.579,4.425,,7.91,7.105,6.448,,5.223,5.726,2.564
53.4,2.915,3.115,4.063,,8.288,7.07,7.133,,5.188,5.473,2.925
53.5,2.39,3.277,4.595,,8.606,6.745,7.013,,4.794,5.514,2.559
53.6,3.164,3.273,4.33,,8.696,7.213,6.704,,4.294,5.691,2.376
53.7,2.884,3.386,4.38,,8.743,6.639,6.581,,5.35,5.649,2.797
53.8,2.995,3.246,4.469,,9.005,6.714,6.93,,5.077,5.512,2.402
53.9,2.712,3.047,4.235,,8.371,7.058,6.052,,4.994,5.662,2.808
54,2.589,3.584,4.096,,8.051,6.961,6.578,,5.276,5.354,2.623
54.1,2.534,3.127,4.37,,8.374,6.623,6.436,,4.701,5.177,2.725
54.2,2.836,3.313,4.242,,7.937,7.012,6.46,,5.125,5.285,2.873
54.3,2.334,3.193,4.787,,8.016,7.06,6.519,,5.184,5.89,2.678
54.4,2.842,3.232,4.534,,7.986,7.439,6.808,,5.419,5.353,2.576
54.5,2.736,3.14,3.977,,8.908,7.365,6.945,,5.315,5.597,2.89
54.6,2.867,3.207,4.631,,8.445,7.097,6.493,,4.911,5.455,2.57
54.7,2.425,3.297,4.751,,8.112,7.156,5.76,,4.947,5.058,2.992
54.8,2.734,3.008,4.212,,8.868,7.076,6.109,,5.389,5.412,2.816
54.9,2.698,3.005,4.046,,8.443,7.06,6.702,,5.36,5.306,2.945
55,2.72,3.12,4.58,,8.801,7.23,5.844,,3.778,5.388,2.496
55.1,3.107,3.116,4.54,,8.68,7.146,6.146,,4.204,5.485,2.447
55.2,2.956,3.092,4.504,,8.435,7.287,5.549,,4.99,5.658,2.866
55.3,2.8,3.146,4.552,,8.993,7.263,5.754,,5.101,6.177,2.981
55.4,3.137,3.105,4.446,,8.89,7.053,6.055,,5.145,5.835,2.86
55.5,2.845,3.048,4.337,,8.811,6.964,6.133,,5.249,5.659,2.564
55.6,2.408,3.184,4.465,,9.148,7.065,6.77,,5.23,6.125,2.797
55.7,2.667,2.851,4.062,,8.853,6.925,6.88,,4.542,5.23,3.139
55.8,2.5,3.364,4.466,,9.024,7.151,5.915,,5.225,5.099,2.606
55.9,2.78,3.143,4.342,,9.071,7.29,6.151,,5.411,6.266,2.697
56,3.011,3.51,4.249,,9.446,6.819,5.735,,5.415,5.358,2.969
56.1,2.859,3.334,4.612,,8.957,6.866,5.36,,4.736,5.667,3.089
56.2,3.028,3.175,4.325,,8.878,7.09,6.031,,4.863,5.005,2.838
56.3,3.043,3.077,4.6,,8.812,6.82,5.648,,5.239,4.832,2.697
56.4,2.94,2.892,4.468,,8.693,6.927,5.828,,5.703,5.467,2.737
56.5,3.195,2.973,4.69,,8.71,7.177,5.187,,4.848,5.202,2.518
56.6,2.944,3.21,3.987,,8.582,6.689,5.596,,5.542,5.215,2.875
56.7,2.924,2.965,4.124,,8.917,6.821,5.465,,4.99,5.527,2.59
56.8,2.724,2.951,4.311,,8.638,7.513,5.709,,5.11,5.325,2.478
56.9,2.773,3.181,4.285,,8.663,6.634,5.413,,5.136,5.437,2.863
57,2.856,3.22,4.669,,8.342,6.913,5.348,,4.795,5.629,2.494
57.1,3.045,3.104,4.901,,8.689,7.303,5.437,,4.62,5.851,2.588
57.2,3.035,3.218,4.759,,8.304,6.774,5.415,,4.942,5.2,2.46
57.3,2.973,2.85,4.87,,8.483,6.899,5.325,,4.926,5.444,2.628
57.4,3.185,3.089,4.584,,9.309,7.053,5.13,,4.959,5.185,2.552
57.5,2.855,3.149,4.795,,8.126,7.086,5.042,,4.885,5.754,2.366
57.6,3.127,3.274,4.533,,9.039,7.037,4.871,,4.933,5.638,2.346
57.7,2.764,3.043,4.611,,8.32,6.982,5.481,,4.951,5.488,2.616
57.8,2.936,3.184,4.639,,8.446,6.468,5.248,,5.012,5.475,2.366
57.9,2.865,3.236,4.173,,8.407,6.811,5.494,,4.573,5.459,2.439
58,3.046,2.942,4.687,,8.818,6.859,5.496,,4.932,5.28,2.815
58.1,2.868,2.831,4.403,,9.478,7.323,5.346,,4.919,5.469,2.943
58.2,3.079,3.011,4.325,,9.034,7.466,5.103,,5.038,5.528,2.363
58.3,2.937,3.512,4.994,,8.78,6.965,5.165,,5.013,5.325,2.41
58.4,2.608,3.059,4.776,,8.626,6.826,5.335,,4.955,5.447,2.93
58.5,2.634,3.132,4.093,,8.926,7.431,4.912,,5.091,5.792,2.336
58.6,2.732,2.971,4.222,,8.796,6.844,5.23,,4.796,5.389,2.726
58.7,3.301,2.848,4.686,,8.48,7.236,5.011,,5.109,5.128,3.023
58.8,3.097,2.994,4.859,,8.794,7.3,5.147,,4.784,5.141,2.693
58.9,3.02,3.105,4.509,,8.168,7.68,5.252,,5.069,5.336,2.662
59,2.892,3.242,4.783,,7.996,7.219,5.24,,5.087,4.981,2.696
59.1,2.809,2.953,4.106,,7.876,7.251,5.202,,4.738,5.332,2.821
59.2,2.704,3.208,4.368,,8.649,7.126,5.158,,4.673,5.202,3.066
59.3,3.097,3.038,4.565,,8.405,6.923,5.546,,4.5,5.123,2.804
59.4,3.106,3.334,4.441,,8.171,6.879,5.284,,5.077,4.984,2.818
59.5,2.82,3.029,4.549,,8.668,7.315,5.747,,4.901,5.497,2.647
59.6,3.173,2.761,4.355,,8.796,7.018,5.755,,5.142,5.492,2.728
59.7,2.819,2.891,4.454,,8.583,7.413,5.773,,4.819,5.547,2.529
59.8,2.866,3.35,4.277,,8.689,6.908,6.142,,4.829,5.737,2.726
59.9,3.177,3.219,4.409,,8.289,7.39,5.873,,4.925,6.047,2.832
60,2.726,3.187,4.394,,8.567,7.352,5.614,,4.883,6.077,3.326
60.1,2.991,3.196,4.195,,8.883,7.721,5.434,,4.982,5.447,3.435
60.2,3.335,3.159,4.303,,8.743,7.251,5.678,,5.08,5.346,3.102
60.3,3.387,3.103,4.835,,8.714,7.335,6.082,,5.056,5.886,2.685
60.4,2.661,3.306,4.559,,8.813,7.254,5.363,,5.281,5.931,2.752
60.5,2.822,3.176,5.142,,8.755,7.472,5.922,,5.47,5.422,2.601
60.6,2.831,3.186,4.591,,8.73,7.561,5.392,,5.463,5.492,2.909
60.7,3.189,3.118,5.209,,8.917,7.335,5.998,,5.102,5.558,2.795
60.8,2.905,3.087,4.843,,8.134,7.423,5.443,,5.144,5.332,2.733
60.9,2.726,3.05,4.414,,8.178,7.127,6.47,,5.066,5.642,3.151
61,2.322,3.195,4.568,,8.079,7.527,5.715,,5.095,5.539,3.023
61.1,2.947,3.263,4.689,,8.701,6.95,6.282,,5.233,5.266,2.765
61.2,2.777,3.338,4.16,,8.574,7.084,5.701,,5.052,5.156,2.916
61.3,2.783,3.116,4.512,,8.456,7.062,5.895,,4.887,5.242,2.313
61.4,2.45,3.558,4.311,,8.459,7.049,6.059,,4.722,5.251,2.638
61.5,2.988,3.574,4.817,,8.89,6.936,6.183,,5,5.296,2.74
61.6,3.19,3.347,4.229,,8.515,7.478,6.206,,5.331,5.015,2.632
61.7,2.798,3.381,4.636,,8.719,7.108,5.889,,4.974,4.682,2.62
61.8,3.125,3.644,4.256,,8.902,7.325,5.993,,4.942,5.278,2.627
61.9,3.102,3.406,4.523,,8.34,7.494,5.519,,4.937,5.211,2.881
62,2.82,3.504,4.488,,8.641,7.117,5.77,,4.933,5.316,2.561
62.1,2.911,3.273,4.153,,8.539,7.066,5.617,,4.85,4.996,3.586
62.2,2.798,3.521,4.413,,8.622,7.425,6.13,,4.996,5.174,2.82
62.3,2.912,3.29,4.689,,8.393,7.256,6.142,,4.85,5.369,3.306
62.4,2.827,3.498,4.556,,8.272,7.294,6.152,,4.996,5.417,3.509
62.5,2.905,3.199,5.024,,8.39,6.846,6.511,,4.803,5.334,2.944
62.6,2.05,3.514,4.698,,8.525,7.254,5.717,,5.076,5.161,2.928
62.7,2.359,3.406,4.715,,7.829,6.537,6.274,,4.575,5.374,2.791
62.8,2.483,3.474,4.54,,7.939,6.88,6.23,,5.242,5.239,3.16
62.9,2.334,3.564,4.383,,7.807,6.613,6.192,,5.086,5.189,2.811
63,2.162,3.436,4.548,,7.83,7.034,6.61,,5.075,5.009,2.881
63.1,2.907,3.416,4.517,,7.938,7.162,6.703,,4.83,5.134,2.621
63.2,3.012,3.445,4.614,,8.162,7.297,6.754,,5.195,5.435,2.828
63.3,2.858,3.75,4.525,,8.145,7.081,6.236,,4.99,5.116,3.205
63.4,3.37,3.431,4.751,,8.158,6.977,6.545,,4.745,5.651,3.215
63.5,2.918,3.431,4.608,,8.02,6.753,6.696,,5.219,5.35,3.006
63.6,3.117,3.562,4.171,,8.197,7.248,7.076,,4.575,5.239,3.693
63.7,3.158,3.536,4.608,,8.633,7.144,6.756,,4.955,5.546,3.546
63.8,2.837,3.342,4.738,,8.245,7.23,7.501,,5.305,5.548,3.541
63.9,2.847,3.629,4.632,,7.995,7.237,6.763,,4.903,5.797,3.262
64,2.825,3.533,4.443,,8.73,6.983,7.523,,4.836,5.795,3.436
64.1,2.727,3.481,4.397,,7.185,7.067,7.383,,4.931,5.52,3.045
64.2,3.027,3.454,4.46,,7.305,6.999,7.465,,5.099,5.29,3.707
64.3,3.123,3.574,4.555,,7.305,6.885,7.461,,5.178,4.94,3.329
64.4,2.726,3.693,4.572,,6.929,7.175,6.776,,5.166,5.318,3.584
64.5,2.663,3.537,4.55,,7.814,6.857,6.382,,5.09,4.97,3.083
64.6,2.73,3.487,4.737,,8.113,7.314,7.682,,4.904,5.368,3.527
64.7,2.801,3.417,4.664,,7.37,7.389,6.962,,5.161,5.49,3.244
64.8,3.068,3.409,4.695,,8.096,7.117,6.992,,4.814,5.205,3.631
64.9,2.75,3.773,4.494,,7.486,7.488,6.786,,5.145,5.459,2.982
65,2.801,3.353,4.36,,7.499,7.175,6.937,,5.236,5.082,3.335
65.1,2.61,3.579,4.389,,7.768,7.139,7.494,,4.776,4.954,3.314
65.2,3.051,3.836,4.649,,7.669,6.983,7.475,,4.957,5.565,2.911
65.3,2.915,3.674,4.659,,8.457,6.977,7.47,,5.01,5.694,2.472
65.4,2.66,3.743,4.579,,8.151,7.085,8.267,,5.13,5.818,3.492
65.5,2.74,3.411,4.419,,7.679,6.58,7.96,,5.31,5.54,3.089
65.6,2.561,3.484,4.392,,7.347,7.312,7.653,,4.882,5.333,3.196
65.7,2.873,3.551,4.853,,8.205,7.024,7.575,,5.053,5.269,2.809
65.8,3.042,3.694,4.39,,7.318,7.161,7.401,,4.779,5.646,3.412
65.9,3.036,3.646,4.529,,7.504,7.038,7.639,,4.861,5.232,2.388
66,2.963,3.735,4.333,,8.045,7.458,7.512,,4.454,5.654,2.685
66.1,2.723,3.281,4.374,,8.659,6.895,7.492,,4.871,5.789,3.284
66.2,2.629,3.686,4.513,,8.934,6.584,7.692,,5.162,4.879,2.929
66.3,2.438,3.599,4.465,,8.252,6.908,7.324,,5.213,5.371,3.189
66.4,2.465,3.671,4.587,,7.723,6.898,7.976,,5.247,5.224,3.37
66.5,2.77,3.521,4.36,,7.359,6.907,7.051,,5.358,5.529,3.064
66.6,2.234,3.642,4.371,,7.576,6.803,7.683,,4.936,5.396,3.292
66.7,2.587,3.208,4.736,,8.114,6.891,7.384,,4.598,5.148,3.05
66.8,2.714,3.567,4.219,,7.129,6.914,8.453,,4.794,5.243,3.278
66.9,2.666,3.494,4.476,,7.142,7.218,7.733,,4.802,4.742,3.003
67,2.276,3.461,4.336,,7.264,7.125,7.584,,4.629,5.412,2.751
67.1,2.576,3.37,4.247,,7.212,6.885,8.074,,4.808,5.193,2.851
67.2,2.023,3.6,4.349,,7.298,6.7,7.542,,4.576,5.347,2.947
67.3,2.714,3.426,4.458,,7.68,6.939,7.587,,5.146,4.897,2.81
67.4,2.31,3.705,4.534,,6.916,6.787,8.197,,4.663,5.258,2.908
67.5,2.597,3.511,4.784,,6.76,6.506,8.011,,4.606,4.647,2.651
67.6,2.351,3.38,4.693,,7.611,7.078,7.479,,4.982,4.835,2.696
67.7,2.535,3.517,4.357,,7.664,7.051,8.073,,5.054,4.812,2.983
67.8,2.368,3.587,4.397,,7.966,6.978,7.666,,5.014,4.764,2.819
67.9,2.108,3.31,4.567,,8.166,6.947,7.871,,4.915,5.236,3.175
68,2.417,3.419,4.438,,7.051,6.648,7.944,,4.757,5.374,3.429
68.1,2.501,3.423,4.893,,7.262,7.342,8.069,,4.758,5.617,3.382
68.2,2.473,3.609,4.165,,7.305,6.796,8.251,,4.749,5.397,3.3
68.3,2.544,3.482,4.467,,6.977,7.332,7.954,,4.868,5.157,3.289
68.4,2.903,3.507,4.329,,7.222,7.339,8.007,,4.939,4.822,3.241
68.5,2.607,3.486,4.711,,8.025,7.074,7.911,,4.694,5.309,3.172
68.6,3.218,3.698,4.714,,7.944,6.962,7.607,,4.454,5.138,2.864
68.7,3.221,3.516,4.123,,8.502,7.294,8.13,,5.024,5.134,3.246
68.8,2.899,3.438,4.301,,8.034,6.762,8.214,,4.709,5.671,3.201
68.9,2.58,3.614,4.585,,7.81,6.961,8.014,,5.299,5.28,3.284
69,2.464,3.278,4.551,,7.482,6.869,7.986,,4.719,4.983,3.524
69.1,2.457,3.618,4.794,,8.435,6.89,8.213,,4.9,5.178,3.406
69.2,2.466,3.69,4.372,,8.162,6.695,8.384,,4.838,4.93,2.796
69.3,2.631,3.393,4.326,,8.852,6.908,7.887,,4.334,5.471,3.135
69.4,2.396,3.627,4.165,,8.601,6.871,7.728,,5.16,5.346,3.262
69.5,2.56,3.626,4.605,,8.479,6.757,8.645,,5.006,5.386,2.76
69.6,2.599,3.602,4.984,,8.011,6.486,8.339,,4.974,5.495,3.313
69.7,2.338,3.514,4.315,,7.629,6.92,8.443,,5.286,5.176,3.475
69.8,3.038,3.747,4.519,,7.791,6.529,8.174,,5.102,5.382,3.393
69.9,2.568,3.444,4.751,,8.305,7.088,8.527,,5.002,5.606,3.563
70,2.949,3.638,4.488,,8.629,7.026,8.362,,5.147,5.057,2.981
70.1,2.415,3.646,4.78,,8.003,6.774,8.355,,5.153,5.697,3.549
70.2,2.885,3.669,4.545,,7.567,6.699,8.185,,5.241,5.485,3.395
70.3,2.703,3.612,4.317,,7.357,6.739,8.62,,5.069,5.129,3.469
70.4,2.627,3.645,4.195,,7.911,7.025,8.055,,4.968,5.236,3.409
70.5,2.441,3.686,4.434,,7.389,6.879,8.145,,4.814,5.143,3.53
70.6,2.475,3.588,4.462,,7.684,6.85,8.732,,5.058,5.534,3.435
70.7,2.88,3.659,4.26,,7.352,6.845,8.779,,5.188,5.313,3.586
70.8,2.605,3.632,4.382,,7.289,7.013,8.297,,5.219,5.018,3.491
70.9,2.681,3.708,4.156,,8.262,6.626,8.624,,5.095,5.535,3.049
71,2.787,3.652,4.364,,7.589,7.177,8.71,,5.33,5.09,3.124
71.1,2.454,3.43,4.259,,8.308,6.762,8.331,,4.683,5.436,2.836
71.2,2.157,3.656,4.231,,7.496,7.118,8.577,,4.752,5.583,3.016
71.3,2.683,3.649,4.504,,8.322,6.787,9.455,,4.694,5.241,3.013
71.4,2.564,3.556,4.313,,8.639,7.032,8.464,,5.043,5.201,3.201
71.5,2.343,3.574,4.267,,8.706,7.381,8.373,,5.211,5.342,3.246
71.6,2.577,3.508,4.534,,8.789,7.115,8.563,,5.089,5.547,3.589
71.7,2.257,3.582,4.467,,7.856,6.493,8.458,,4.95,5.507,2.899
71.8,2.404,3.397,4.468,,8.757,6.834,8.127,,5.24,5.504,3.186
71.9,2.275,3.713,4.355,,7.973,6.699,8.537,,4.994,5.381,3.069
72,2.208,3.637,4.495,,7.768,6.886,8.966,,5.183,5.444,3.15
72.1,2.078,3.764,4.209,,7.369,6.677,8.53,,5.371,5.543,3.047
72.2,2.434,3.825,4.885,,7.558,6.594,8.191,,4.873,5.575,3.3
72.3,2.332,3.97,4.298,,8.151,6.592,8.754,,5.177,5.479,2.987
72.4,2.389,3.604,4.426,,7.434,6.443,8.997,,5.465,5.622,2.904
72.5,2.414,3.712,4.387,,7.739,6.617,8.82,,5.282,5.599,3.126
72.6,2.461,3.49,4.458,,7.484,6.562,8.031,,5.01,5.881,3.107
72.7,2.393,3.575,4.545,,7.766,7.041,9.155,,4.986,5.42,3.249
72.8,2.248,3.53,4.753,,7.133,7.051,9.33,,5.1,5.254,3.453
72.9,2.423,3.559,4.473,,7.524,6.871,8.112,,5.319,5.551,3.469
73,2.369,3.465,4.527,,7.09,6.704,8.543,,5.162,5.304,3.458
73.1,2.339,3.392,4.624,,7.19,7.046,9.168,,5.015,4.88,3.286
73.2,2.088,3.648,4.67,,7.328,6.792,8.863,,4.83,5.349,3.164
73.3,2.51,3.388,4.224,,7.529,6.728,8.302,,4.352,5.134,3.28
73.4,2.511,3.385,4.409,,8.005,6.979,8.538,,4.81,5.62,3.187
73.5,2.498,3.649,4.666,,8.726,6.016,8.993,,5.081,5.446,3.408
73.6,2.653,3.325,4.63,,8.483,6.418,8.664,,5.13,5.334,3.362
73.7,2.605,3.412,4.784,,8.302,6.878,8.386,,4.749,5.239,3.27
73.8,2.735,3.46,4.606,,8.668,6.761,8.292,,5.043,5.389,3.76
73.9,2.201,3.523,4.624,,8.382,6.793,8.932,,4.75,5.308,3.863
74,2.539,3.277,4.576,,8.672,6.538,8.705,,4.718,5.348,3.698
74.1,2.634,3.341,4.603,,8.687,6.362,8.662,,5.302,5.268,4.141
74.2,2.481,3.355,4.533,,8.32,6.336,8.021,,5.167,5.314,3.783
74.3,2.575,3.373,4.362,,8.42,6.659,8.735,,5.122,5.207,3.432
74.4,2.669,3.152,4.349,,8.926,6.901,8.026,,4.984,5.665,3.849
74.5,2.16,3.431,4.475,,8.485,6.553,8.123,,5.43,5.42,3.686
74.6,2.436,3.686,4.501,,8.873,6.848,8.666,,4.872,5.306,3.665
74.7,2.361,3.575,4.441,,8.965,6.726,8.278,,4.873,5.731,3.698
74.8,2.314,3.562,4.102,,9.146,6.665,7.998,,5.342,5.516,3.651
74.9,2.349,3.59,4.355,,8.634,6.989,8.458,,4.931,5.363,3.762
75,2.403,3.405,4.443,,8.965,6.745,8.791,,5.215,5.157,3.952
75.1,2.424,3.529,3.927,,8.699,6.352,9.157,,5.089,5.25,3.833
75.2,2.592,3.313,4.261,,8.857,6.926,7.98,,5.191,4.895,3.419
75.3,2.191,3.408,4.27,,8.744,7.135,8.319,,5.292,5.15,3.489
75.4,2.577,3.357,4.302,,8.496,6.532,7.414,,5.001,4.844,3.396
75.5,2.307,3.403,4.256,,8.537,6.974,8.502,,4.823,5.242,3.303
75.6,2.566,3.49,4.701,,8.577,7.052,8.701,,5.397,4.996,3.282
75.7,2.778,3.59,4.663,,8.385,6.901,8.587,,5.074,4.614,3.498
75.8,2.423,3.138,4.314,,8.795,6.764,7.619,,5.359,5.265,3.412
75.9,2.541,3.35,4.435,,8.526,6.862,8.322,,5.179,5.001,3.388
76,2.533,3.31,4.415,,8.316,6.339,8.131,,5,4.879,3.931
76.1,2.33,3.471,4.555,,8.719,6.05,8.429,,4.779,5.522,3.471
76.2,2.549,3.44,4.204,,8.397,6.253,8.253,,4.272,5.552,3.564
76.3,2.26,3.462,4.363,,8.525,6.557,8.417,,4.789,4.996,3.589
76.4,2.415,3.42,4.178,,8.648,6.632,8.165,,4.873,4.9,3.261
76.5,2.812,3.361,4.609,,8.717,6.525,8.978,,5.379,5.604,3.564
76.6,2.796,3.443,4.407,,8.803,6.786,8.631,,5.156,5.388,3.366
76.7,2.645,3.698,4.59,,8.436,6.727,8.356,,4.993,5.595,3.705
76.8,2.832,3.482,4.23,,8.725,6.798,7.944,,5.048,5.537,4.007
76.9,2.264,3.642,4.542,,8.851,7.003,8.099,,4.738,5.468,3.924
77,2.608,3.433,4.145,,9.112,6.68,9.106,,5.174,4.814,3.722
77.1,2.454,3.473,4.293,,8.779,6.835,8.818,,4.925,5.397,3.686
77.2,2.731,3.424,4.576,,8.865,6.848,9.307,,4.919,4.851,3.499
77.3,2.341,3.178,4.494,,8.721,6.756,8.481,,4.407,4.626,3.436
77.4,2.311,3.292,4.581,,9.245,6.533,8.944,,4.461,5.264,3.303
77.5,2.417,3.587,4.377,,9.662,6.654,8.809,,4.658,5.272,3.388
77.6,2.203,3.544,4.765,,9.786,6.468,7.919,,5.35,5.323,3.361
77.7,2.61,3.609,4.38,,9.923,6.741,8.627,,5.579,4.922,3.391
77.8,2.184,3.428,4.406,,9.563,6.92,8.335,,5.009,4.964,3.14
77.9,2.143,3.694,4.24,,9.253,6.799,7.947,,5.401,4.689,3.265
78,2.531,3.41,4.581,,8.985,6.859,7.615,,5.119,5.466,3.25
78.1,2.463,3.573,4.559,,9.235,6.737,8.785,,4.829,5.539,3.109
78.2,2.637,3.529,4.309,,10.091,6.657,8.528,,4.868,5.945,2.937
78.3,2.591,3.308,4.226,,8.722,5.925,8.378,,5.103,5.017,3.285
78.4,2.33,3.498,4.317,,9.659,6.453,7.911,,5.127,5.431,2.872
78.5,2.499,3.553,4.389,,9.372,6.313,8.649,,4.752,4.623,3.432
78.6,2.628,3.457,4.356,,9.844,6.213,8.576,,4.8,5.258,3.158
78.7,2.554,3.578,4.109,,9.56,6.178,9.861,,5.507,6.024,3.094
78.8,2.463,3.726,4.272,,10.565,5.74,8.336,,5.752,5.851,3.278
78.9,2.303,3.277,4.45,,10.657,6.62,8.592,,4.707,5.006,3.248
79,2.663,3.349,4.266,,9.114,6.575,8.909,,4.942,4.516,3.565
79.1,2.41,3.305,4.468,,9.472,5.988,8.919,,5.022,4.639,3.3
79.2,2.714,3.418,4.558,,10.037,6.464,8.38,,5.225,4.388,3.263
79.3,2.208,3.413,4.36,,9.086,5.85,9.51,,5.057,4.283,3.346
79.4,2.681,3.339,4.484,,8.99,6.773,9.461,,4.953,4.668,3.429
79.5,2.679,3.857,4.342,,8.992,6.699,8.846,,4.836,4.736,3.51
79.6,2.387,3.492,4.806,,8.999,5.521,8.878,,4.973,4.529,3.752
79.7,2.43,3.392,4.183,,8.378,5.661,8.744,,5.236,4.566,3.802
79.8,2.401,3.53,4.278,,8.289,5.857,9.793,,5.018,4.949,3.214
79.9,2.526,3.617,4.234,,8.995,5.783,8.731,,4.605,4.849,3.195
80,2.468,3.444,4.235,,8.783,6.179,7.972,,4.467,4.623,3.345
80.1,2.403,3.476,4.44,,8.671,6.204,8.002,,4.815,4.718,3.254
80.2,2.382,3.721,4.167,,8.981,6.573,7.068,,4.894,4.881,3.151
80.3,2.187,3.478,4.202,,8.517,6.564,7.727,,5.132,5.748,3.305
80.4,2.352,3.68,4.969,,9.088,6.725,7.287,,4.579,5.183,3.342
80.5,2.423,3.46,4.36,,9.178,6.127,8.165,,5.397,4.499,3.236
80.6,2.671,3.593,4.378,,9.693,6.483,8.399,,4.903,4.81,3.325
80.7,2.643,3.772,4.218,,8.685,5.983,7.153,,5.366,4.852,3.17
80.8,2.363,3.428,4.588,,8.536,6.041,7.44,,5.172,4.527,3.172
80.9,2.233,3.415,4.18,,8.837,6.433,7.161,,5.259,4.899,2.968
81,2.567,3.528,4.389,,9.389,6.007,7.464,,5.277,5.094,3.283
81.1,2.527,3.685,4.274,,8.994,6.381,7.209,,5.338,4.501,3.217
81.2,2.377,3.861,4.13,,8.59,6.519,7.564,,5.247,4.601,3.244
81.3,2.351,3.685,4.314,,8.897,6.294,7.584,,5.445,5.059,3.17
81.4,2.169,3.725,4.293,,8.733,5.814,7.559,,5.398,4.671,3.432
81.5,2.486,3.613,4.27,,8.118,6.067,7.655,,5.112,4.846,3.328
81.6,2.576,3.799,4.149,,8.572,6.306,7.407,,5.262,4.675,3.211
81.7,2.589,3.62,4.248,,8.173,6.021,7.976,,5.286,5.425,3.526
81.8,2.629,3.73,4.36,,9.549,5.289,8.364,,5.395,5.1,3.558
81.9,2.672,3.555,4.391,,8.819,6.079,7.154,,5.266,5.135,3.759
82,2.691,3.908,4.566,,8.784,6.379,7.649,,5.16,5.148,3.725
82.1,2.403,3.63,4.692,,8.363,6.247,6.425,,4.647,5.154,3.866
82.2,2.174,3.608,4.32,,9.312,6.947,7.054,,4.001,4.772,3.698
82.3,2.593,3.734,4.366,,8.278,6.07,7.182,,5.148,4.947,3.635
82.4,2.435,3.91,4.355,,8.483,5.386,7.305,,4.843,4.613,3.577
82.5,2.378,3.554,4.259,,8.395,6.612,7.212,,4.78,5.185,3.532
82.6,2.5,3.67,4.15,,8.618,6.612,7.67,,3.999,4.772,3.876
82.7,2.583,3.704,4.581,,8.81,6.215,8.068,,4.639,5.427,3.924
82.8,2.462,3.476,4.151,,9.307,5.531,8.21,,4.555,5.419,3.868
82.9,2.57,3.792,4.465,,9.378,5.835,7.975,,4.435,5.24,3.36
83,2.216,3.723,4.255,,8.982,6.366,7.83,,4.386,4.976,3.196
83.1,2.435,3.844,4.206,,8.85,6.25,8.198,,4.344,5.181,3.683
83.2,2.528,3.643,4.552,,8.63,6.188,6.738,,4.929,5.012,3.513
83.3,2.211,3.706,4.543,,8.391,5.503,7.132,,4.682,4.922,3.602
83.4,2.166,3.63,4.277,,8.498,6.367,7.145,,4.979,5.19,3.365
83.5,2.251,3.201,4.408,,8.195,6.608,7.129,,5.05,5.21,3.578
83.6,2.304,3.159,4.29,,9.043,6.27,7.119,,5.162,4.882,3.371
83.7,2.21,3.573,4.383,,8.706,5.695,6.675,,4.451,4.623,3.515
83.8,2.217,3.642,4.181,,8.531,6.85,7.413,,5.017,4.407,3.642
83.9,2.405,3.737,4.12,,8.591,6.025,6.991,,4.798,4.882,3.321
84,2.342,3.643,4.396,,9.767,6.552,6.739,,4.977,5.005,3.694
84.1,2.632,3.361,4.403,,9.969,5.819,7.384,,5.058,5.061,3.729
84.2,2.451,3.793,4.597,,9.896,6.512,7.074,,4.492,5.209,3.697
84.3,2.323,3.651,4.03,,8.877,6.365,6.592,,4.017,5.447,3.736
84.4,2.331,3.555,4.383,,9.615,6.087,7.394,,3.91,5.362,3.712
84.5,2.213,3.58,4.256,,10.454,6.436,6.964,,4.309,4.839,3.606
84.6,2.371,3.53,4.274,,8.316,5.781,7.194,,4.207,5.378,3.023
84.7,2.278,3.878,3.93,,9.963,6.332,7.617,,4.298,5.026,3.496
84.8,2.511,3.633,4.105,,8.996,5.981,7.379,,3.882,5.054,3.258
84.9,2.22,3.539,4.166,,10.152,5.84,7.734,,4.533,4.805,3.343
85,2.448,3.559,4.348,,10.257,5.989,7.183,,4.599,5.177,3.4
85.1,2.386,3.647,4.409,,9.83,6.32,6.69,,4.916,4.791,3.483
85.2,2.419,3.503,4.104,,10.376,6.599,6.824,,5.121,5.146,3.344
85.3,2.184,3.446,4.119,,10.113,6.082,6.733,,4.94,5.426,3.441
85.4,2.095,3.838,4.325,,10.191,6.308,6.806,,4.62,4.884,3.071
85.5,2.399,3.674,4.056,,9.242,6.401,5.759,,4.708,5.481,3.359
85.6,2.085,3.574,4.045,,9.513,6.678,6.504,,5.4,5.468,3.503
85.7,2.115,3.887,4.255,,9.365,6.263,6.108,,4.789,5.555,3.486
85.8,2.451,3.679,3.942,,10.001,6.568,6.699,,5.285,5.271,3.104
85.9,2.141,3.73,4.406,,9.384,6.297,7.953,,5.259,5.153,3.338
86,2.485,3.8,4.574,,9.864,5.971,8.008,,5.296,5.239,3.334
86.1,2.49,3.811,4.495,,10.029,6.335,8.018,,5.284,5.185,2.821
86.2,2.266,3.778,4.716,,9.733,5.719,6.983,,5.735,5.04,3.385
86.3,2.412,3.85,4.001,,9.07,5.842,7.177,,5.388,5.031,3.299
86.4,2.535,3.67,3.963,,9.508,5.932,7.567,,5.326,5.437,3.198
86.5,2.488,3.816,4.25,,9.475,5.736,7.565,,5.611,5.272,3.519
86.6,2.391,3.594,4.218,,9.312,5.76,6.701,,5.478,4.787,3.553
86.7,2.428,3.772,4.13,,9.641,6.06,6.932,,5.781,4.924,3.147
86.8,2.37,3.695,4.637,,10.801,5.255,6.49,,5.494,5.29,3.211
86.9,2.181,3.634,4.571,,9.741,5.454,6.774,,5.652,5.54,3.02
87,2.047,3.573,4.478,,9.435,5.021,6.94,,5.225,5.396,3.058
87.1,2.265,3.696,4.656,,9.036,5.997,6.327,,5.421,5.39,3.394
87.2,2.549,3.512,4.307,,8.741,6.017,6.642,,5.31,5.038,3.159
87.3,2.253,3.851,4.603,,10.278,5.818,6.964,,4.652,5.386,3.156
87.4,2.547,3.473,4.739,,9.251,6.275,6.419,,4.667,5.095,3.107
87.5,2.481,3.589,4.55,,9.645,5.653,6.583,,5.28,5.177,3.195
87.6,2.386,3.617,4.651,,9.54,6.248,6.646,,5.306,5.344,3.6
87.7,2.422,3.755,4.774,,10.057,5.459,6.409,,5.095,5.197,3.144
87.8,2.301,3.75,4.52,,9.678,5.934,6.78,,5.439,5.146,3.028
87.9,2.252,3.633,4.922,,10.235,6.228,7.113,,4.822,5.432,3.077
88,2.425,3.41,4.486,,8.959,5.231,7.196,,5.135,5.504,3.304
88.1,2.312,3.865,4.393,,9.278,5.606,6.804,,5.397,5.193,3.297
88.2,2.315,3.546,4.07,,9.24,5.496,6.584,,5.367,5.18,3.341
88.3,2.64,3.711,4.47,,8.172,5.897,6.871,,5.465,5.263,3.51
88.4,2.06,3.82,4.644,,10.142,5.829,7.192,,5.344,5.108,3.306
88.5,2.471,3.505,4.374,,9.285,6.306,6.383,,5.578,5.273,3.713
88.6,2.423,3.736,3.969,,10.122,6.037,6.247,,5.904,4.758,3.29
88.7,2.582,3.94,4.481,,9.737,5.902,6.945,,4.907,5.432,3.183
88.8,2.355,3.819,4.51,,9.396,6.269,7.371,,5.588,5.015,3.085
88.9,2.472,3.612,4.508,,11.225,5.866,7.173,,5.073,5.327,3.679
89,3.077,3.519,4.425,,9.2,6.014,7.012,,5.6,4.813,3.705
89.1,2.476,3.779,4.615,,9.639,6.293,7.315,,5.609,5.286,3.849
89.2,2.263,3.815,4.596,,9.941,5.993,7.041,,5.679,5.119,3.234
89.3,2.236,3.421,4.388,,9.079,5.412,7.01,,5.359,4.967,3.246
89.4,2.21,3.706,4.291,,9.462,6.028,6.883,,5.613,5.555,3.331
89.5,2.487,3.804,4.399,,9.262,6.055,6.776,,5.908,4.826,3.393
89.6,2.555,3.591,4.599,,8.856,6.303,7.275,,5.75,5.394,3.231
89.7,2.362,3.882,4.082,,11.637,5.72,7.343,,5.315,5.224,3.395
89.8,2.457,3.754,4.493,,10.45,5.77,6.818,,5.111,5.154,3.573
89.9,2.14,3.775,4.878,,10.466,5.617,8.205,,5.511,5.139,3.436
90,2.267,3.72,4.311,,10.021,5.9,6.892,,5.998,5.233,3.202
90.1,2.452,3.61,4.378,,11.108,6.086,7.408,,5.83,5.505,3.391
90.2,2.591,3.592,4.626,,11.083,6,7.24,,5.126,5.426,3.356
90.3,2.608,3.31,4.525,,9.974,6.023,7.468,,4.932,5.489,2.786
90.4,2.384,3.665,4.284,,10.256,6.544,6.898,,5.179,5.516,3.596
90.5,2.335,3.655,4.851,,10.172,6.569,7.303,,5.315,4.891,3.778
90.6,2.279,3.527,4.334,,9.662,6.514,6.748,,5.309,5.73,3.508
90.7,2.239,3.656,4.648,,9.123,6.69,7.29,,4.553,5.04,3.599
90.8,2.348,3.802,4.627,,8.906,6.875,7.193,,5.137,5.553,3.517
90.9,2.504,3.803,4.858,,8.871,6.442,7.295,,5.364,5.547,3.435
91,2.544,3.727,4.533,,9.095,6.834,6.765,,4.53,5.284,3.57
91.1,2.246,3.539,4.89,,8.561,6.477,6.95,,5.063,5.143,3.915
91.2,2.505,3.863,4.715,,9.293,6.414,7.006,,4.806,5.187,3.589
91.3,2.389,3.67,4.829,,8.914,6.136,7.205,,5.637,5.169,3.45
91.4,2.326,3.692,4.881,,9.12,6.313,6.638,,4.995,4.996,3.699
91.5,2.276,3.628,4.349,,9.035,6.885,7.414,,5.226,5.626,3.563
91.6,2.24,3.677,4.204,,8.177,6.483,7.043,,5.369,5.454,3.517
91.7,2.28,3.8,3.939,,8.422,5.741,6.91,,4.933,5.116,3.124
91.8,2.531,3.521,4.171,,8.816,5.966,7.12,,4.967,5.062,3.233
91.9,2.167,3.815,4.815,,9.027,5.629,6.724,,4.659,5.531,3.376
92,2.267,3.619,4.583,,7.862,6.535,7.074,,4.697,5.692,3.062
92.1,2.488,3.714,4.609,,8.913,6.386,6.753,,4.919,5.507,3.239
92.2,2.238,3.605,3.95,,8.072,6.061,7.49,,4.918,5.195,3.403
92.3,2.699,3.729,4.018,,8.008,5.876,7.973,,4.555,5.418,3.53
92.4,2.208,3.775,4.206,,8.616,5.768,7.248,,4.687,5.307,3.282
92.5,2.41,3.608,4.097,,8.872,5.913,7.22,,4.592,5.652,3.35
92.6,2.503,3.569,4.315,,8.271,5.988,6.896,,4.814,5.242,3.127
92.7,2.469,3.502,3.837,,8.302,5.362,6.799,,4.785,5.712,3.174
92.8,2.314,3.848,4.082,,7.847,6.105,7.049,,4.651,5.345,3.154
92.9,2.321,3.772,4.047,,8.131,6.743,7.069,,4.638,5.532,3.608
93,2.466,4.034,4.122,,8.286,6.154,6.714,,5.15,5.21,3.44
93.1,2.473,3.53,4.423,,8.373,6.605,6.867,,5.02,5.226,3.345
93.2,2.312,3.691,4.292,,8.546,6.457,6.805,,4.808,5.302,3.463
93.3,2.388,3.444,4.164,,8.353,6.667,7.134,,4.861,5.068,3.479
93.4,2.677,3.686,4.443,,8.601,6.83,7.305,,4.842,5.285,3.415
93.5,2.509,3.863,4.314,,8.632,6.612,6.618,,4.442,5.395,3.394
93.6,2.259,3.655,4.334,,9.19,6.601,6.704,,4.801,5.294,3.452
93.7,2.797,3.622,4.402,,8.26,6.884,5.888,,4.833,5.013,3.52
93.8,2.411,3.434,4.321,,8.937,6.851,5.793,,4.705,5.636,3.38
93.9,2.263,3.722,4.085,,8.714,7.007,6.53,,4.116,5.082,3.398
94,2.571,3.685,3.97,,8.144,6.972,6.826,,4.166,5.659,3.479
94.1,2.602,3.728,4.703,,10.815,6.88,6.238,,4.263,5.127,3.502
94.2,2.403,3.685,3.968,,9.91,7.372,6.428,,4.489,5.065,3.583
94.3,2.384,3.899,4.623,,9.827,7.119,6.69,,4.651,5.542,3.768
94.4,2.53,3.754,4.16,,9.944,6.884,7.378,,4.867,5.212,3.491
94.5,2.55,3.664,4.319,,9.769,7.287,7.161,,4.131,5.345,3.57
94.6,2.343,3.584,4.293,,10.239,6.844,7.381,,4.597,5.55,3.715
94.7,2.454,3.546,4.272,,9.745,6.386,6.291,,4.84,5.645,3.489
94.8,2.33,3.851,4.176,,9.425,6.617,6.298,,5.083,5.171,3.764
94.9,2.446,3.319,4.561,,9.9,6.865,6.096,,5.134,5.381,3.287
95,2.849,3.57,4.146,,9.151,7.153,5.922,,4.929,5.105,3.47
95.1,2.528,3.481,4.182,,9.076,7.022,6.661,,4.892,5.284,3.08
95.2,2.558,3.317,4.14,,9.227,6.81,6.728,,5.467,5.12,3.004
95.3,2.564,3.726,4.186,,9.328,6.891,7.091,,4.252,4.704,3.193
95.4,2.291,3.571,4.607,,9.3,6.8,7.553,,5.121,5.237,3.143
95.5,2.527,3.559,4.015,,9.651,6.863,6.527,,5.062,4.95,3.345
95.6,2.336,3.717,4.102,,10.363,6.812,6.595,,4.928,5.353,3.415
95.7,2.698,3.476,4.695,,9.34,6.905,7.14,,5.301,5.232,3.595
95.8,2.133,3.445,4.464,,10.05,6.772,6.409,,5.286,5.063,3.636
95.9,2.486,3.548,4.384,,10.225,6.631,6.067,,5.84,4.846,3.795
96,2.679,3.382,4.076,,9.465,6.889,5.298,,5.325,5.199,3.561
96.1,3.017,3.3,4.326,,9.32,6.825,5.635,,4.95,4.601,3.839
96.2,2.716,3.574,4.406,,9.015,6.81,5.377,,5.112,4.953,4.206
96.3,2.82,3.27,3.89,,8.487,7.106,5.757,,5.154,5.061,3.912
96.4,2.408,3.339,4.113,,8.845,7.095,6.56,,5.395,5.21,3.795
96.5,2.728,3.393,3.778,,9.398,7.146,6.83,,5.159,4.782,3.714
96.6,2.737,3.523,4.191,,9.417,7.128,5.982,,5.936,4.935,3.646
96.7,2.861,3.575,4.333,,9.206,7.352,5.651,,5.891,4.759,3.708
96.8,2.461,3.743,4.546,,9.842,6.981,6.044,,5.881,5.382,3.986
96.9,2.534,3.367,4.572,,11.183,6.372,6.054,,5.73,5.12,3.892
97,2.463,3.532,3.872,,10.407,7.335,5.963,,5.951,5.162,3.585
97.1,2.394,3.483,4.336,,10.711,7.327,6.279,,5.844,5.038,3.538
97.2,2.616,3.546,4.139,,10.872,6.969,5.827,,5.82,5.176,3.658
97.3,2.743,3.373,3.842,,10.88,7.155,5.982,,5.55,5.268,3.716
97.4,2.653,3.529,4.16,,11.136,6.813,6.208,,5.836,5.333,4
97.5,2.598,3.419,4.38,,11.215,6.869,6.369,,5.656,5.324,3.957
97.6,2.684,3.487,4.245,,12.844,7.344,5.772,,5.962,5.325,3.683
97.7,2.706,3.586,4.333,,10.348,6.999,5.842,,5.848,5.384,3.825
97.8,2.598,3.533,4.147,,10.801,6.786,5.502,,5.458,5.517,3.54
97.9,2.634,3.775,4.188,,11.758,6.708,6.049,,5.402,5.112,3.481
98,2.794,3.614,4.393,,10.777,7.033,5.179,,5.532,5.087,3.336
98.1,2.901,3.663,4.282,,11.701,6.962,5.115,,5.651,5.403,3.497
98.2,2.527,3.389,4.271,,11.127,6.834,5.747,,5.797,4.901,3.333
98.3,2.495,3.341,4.191,,11.202,6.803,5.216,,5.887,4.855,3.618
98.4,2.505,3.654,4.36,,10.059,7.04,5.463,,5.216,4.824,3.641
98.5,2.09,3.342,4.024,,11.774,6.67,5.535,,5.753,5.055,3.675
98.6,2.528,3.314,4.262,,11.619,6.554,6.323,,5.121,5.288,3.055
98.7,3.075,3.452,4.087,,11.041,6.74,6.154,,5.003,5.602,3.171
98.8,2.895,3.62,4.082,,10.507,6.857,5.548,,5.179,5.291,3.415
98.9,3.077,3.505,4.008,,10.729,6.566,5.854,,5.237,5.175,3.476
99,2.846,3.58,3.933,,11.558,6.947,5.813,,5.109,5.188,3.242
99.1,2.555,3.336,4.456,,11.226,6.481,5.527,,5.491,5.121,3.361
99.2,2.597,2.879,4.543,,10.627,7.01,6.242,,5.131,5.36,3.516
99.3,2.705,3.72,4.174,,11.985,7.14,6.015,,4.839,5.296,3.469
99.4,2.854,3.605,4.288,,12.717,6.936,5.729,,5.279,5.374,3.424
99.5,2.956,3.669,4.164,,12.768,7.135,5.717,,5.245,5.185,3.404
99.6,3.045,3.475,4.397,,12.721,6.633,5.84,,5.453,4.984,3.19
99.7,2.8,3.518,4.677,,12.248,6.795,6.003,,5.208,5.353,3.414
99.8,3.262,3.768,4.266,,11.796,6.454,5.933,,5.454,5.159,3.465
99.9,2.92,3.718,4.451,,11.555,6.895,6.267,,5.158,5.213,3.091
100,2.854,3.651,4.6,,11.561,7.024,6.666,,5.03,5.684,3.301
100.1,2.766,3.693,4.379,,11.334,7,6.579,,4.933,5.232,3.31
